CC,CCL,CCO,CI,CLC,CLLC,LDC,LLDC,LCOM5,NL,NLE,WMC,CBO,CBOI,NII,NOI,RFC,AD,CD,CLOC,DLOC,PDA,PUA,TCD,TCLOC,DIT,NOA,NOC,NOD,NOP,LLOC,LOC,NA,NG,NLA,NLG,NLM,NLPA,NLPM,NLS,NM,NOS,NPA,NPM,NS,TLLOC,TLOC,TNA,TNG,TNLA,TNLG,TNLM,TNLPA,TNLPM,TNLS,TNM,TNOS,TNPA,TNPM,TNS,bug
0,0,0,0,0,0,0,0,13,0,0,13,2,0,0,1,14,1,0.662651,110,110,14,0,0.662651,110,1,1,0,0,1,56,151,0,0,0,0,13,0,13,0,13,2,0,13,0,56,151,0,0,0,0,13,0,13,0,13,2,0,13,0,false
0,0,0,0,0,0,0,0,0,0,0,5,0,1,1,0,5,1,0.558824,38,38,6,0,0.558824,38,0,0,0,0,0,30,63,4,4,4,4,5,0,5,0,5,8,0,5,0,30,63,4,4,4,4,5,0,5,0,5,8,0,5,0,false
0,0,0,0,0,0,0,0,0,0,0,13,0,2,11,0,13,1,0.866029,181,181,14,0,0.866029,181,0,0,1,1,0,28,217,0,0,0,0,13,0,13,0,13,0,0,13,0,28,217,0,0,0,0,13,0,13,0,13,0,0,13,0,false
0.02011,2,30,4,0.013838,0.025381,60,60,1,9,5,558,1,0,0,13,130,1,0.384276,1481,1226,28,0,0.384276,1481,0,0,0,0,0,2373,4336,92,19,92,19,117,25,27,8,117,1300,25,27,8,2373,4336,92,19,92,19,117,25,27,8,117,1300,25,27,8,false
0,0,0,0,0,0,0,0,1,6,5,60,13,4,5,26,43,1,0.24714,108,90,10,0,0.239382,124,0,0,0,0,0,329,477,8,3,8,3,17,1,9,3,17,167,1,9,3,394,557,12,3,12,3,18,1,9,3,18,203,1,9,3,false
0.171642,1,2,2,0.062147,0.104712,22,20,2,2,2,29,2,25,42,1,18,1,0.479675,177,171,15,0,0.479675,177,1,1,24,25,1,192,354,4,2,4,2,17,0,14,0,17,116,0,14,0,192,354,4,2,4,2,17,0,14,0,17,116,0,14,0,false
0,0,0,0,0,0,0,0,0,0,0,2,3,13,8,2,4,1,0.704545,31,30,3,0,0.704545,31,1,1,2,2,1,13,32,4,6,0,2,2,0,2,0,9,2,0,9,0,13,32,4,6,0,2,2,0,2,0,9,2,0,9,0,false
0.061125,2,4,2,0.076433,0.10084,12,12,2,4,2,24,4,1,1,4,14,1,0.198675,30,27,7,0,0.198675,30,0,0,0,0,0,121,157,9,0,9,0,10,0,6,0,10,48,0,6,0,121,157,9,0,9,0,10,0,6,0,10,48,0,6,0,false
0.276364,1,4,1,0.098958,0.165049,19,17,3,3,2,22,8,9,13,9,24,1,0.655629,198,195,13,0,0.655629,198,2,2,0,0,1,104,192,7,13,2,7,15,0,12,1,30,35,0,26,1,104,192,7,13,2,7,15,0,12,1,30,35,0,26,1,false
0,0,0,0,0,0,0,0,2,2,2,14,4,1,2,10,14,1,0.324324,24,12,4,0,0.324324,24,0,0,0,0,0,50,75,1,0,1,0,4,0,3,1,4,26,0,3,1,50,75,1,0,1,0,4,0,3,1,4,26,0,3,1,false
0.073171,1,4,2,0.045028,0.081784,24,22,2,3,3,38,17,15,24,35,54,1,0.523077,238,236,18,0,0.470019,243,0,0,0,0,0,217,471,2,1,2,1,19,0,17,0,19,77,0,17,0,274,533,6,2,2,1,24,0,17,0,36,106,0,24,0,false
0.130178,1,3,1,0.149068,0.141593,24,16,1,2,2,13,10,1,1,12,19,1,0.322835,41,33,8,0,0.275,44,2,2,0,0,1,86,128,7,6,5,1,7,0,7,0,24,30,0,22,1,116,161,10,7,8,2,10,0,10,0,27,41,0,25,1,false
0,0,0,0,0,0,0,0,1,3,3,33,12,4,18,15,30,1,0.381818,105,97,8,0,0.381818,105,0,0,2,2,0,170,279,4,1,4,1,15,0,7,0,15,71,0,7,0,170,279,4,1,4,1,15,0,7,0,15,71,0,7,0,false
0.060592,3,13,5,0.045411,0.066826,94,84,6,6,6,263,39,95,102,120,199,1,0.345405,639,556,67,0,0.338144,656,1,1,0,0,1,1211,1975,59,65,34,26,79,12,66,10,198,603,16,163,25,1284,2070,62,69,34,27,85,12,72,10,218,636,16,180,26,false
0.046392,1,3,1,0.038186,0.038462,16,12,2,3,3,36,14,5,9,18,30,1,0.168285,52,41,7,0,0.160207,62,0,0,0,0,0,257,341,3,2,3,2,12,0,6,1,12,135,0,6,1,325,419,15,3,15,3,18,6,12,1,18,162,6,12,1,false
0,0,0,0,0,0,0,0,0,0,0,0,1,26,0,1,1,1,0.766355,82,82,1,0,0.766355,82,0,0,0,0,0,25,121,22,0,22,0,0,22,0,0,0,0,22,0,0,25,121,22,0,22,0,0,22,0,0,0,0,22,0,0,false
0,0,0,0,0,0,0,0,0,0,0,1,1,31,2,0,1,1,0.885714,31,31,2,0,0.885714,31,0,0,22,24,0,4,23,0,0,0,0,1,0,1,0,1,0,0,1,0,4,23,0,0,0,0,1,0,1,0,1,0,0,1,0,false
0,0,0,0,0,0,0,0,1,0,0,5,1,41,31,0,5,1,0.626667,47,46,4,0,0.626667,47,0,0,15,17,0,28,59,1,1,1,1,5,0,3,0,5,7,0,3,0,28,59,1,1,1,1,5,0,3,0,5,7,0,3,0,false
0,0,0,0,0,0,0,0,1,1,1,3,5,2,0,3,5,1,0.545455,18,18,2,0,0.545455,18,1,2,1,1,2,15,23,2,15,1,0,2,0,1,0,23,5,0,18,0,15,23,2,15,1,0,2,0,1,0,23,5,0,18,0,false
0,0,0,0,0,0,0,0,5,1,1,13,4,28,16,6,18,0.923077,0.651007,97,96,12,1,0.613757,116,1,1,6,6,1,52,147,2,5,0,4,12,0,12,0,18,13,0,16,1,73,183,4,5,2,4,14,0,14,0,20,19,0,18,1,false
0,0,0,0,0,0,0,0,1,6,6,19,7,41,95,8,17,1,0.53202,108,108,7,0,0.409742,143,0,0,0,0,0,95,183,1,1,1,1,9,0,6,0,9,34,0,6,0,206,322,7,1,7,1,16,0,11,0,16,81,0,11,0,false
0.084408,6,16,14,0.047945,0.069351,63,62,3,9,6,165,39,45,67,151,187,1,0.289202,308,256,31,0,0.270032,337,1,2,0,0,2,757,1135,10,7,10,7,36,0,30,3,36,420,0,30,3,911,1314,21,10,18,9,50,6,44,5,54,476,9,48,5,true
0,0,0,0,0,0,0,0,5,3,3,39,8,20,24,8,29,1,0.793243,587,584,18,0,0.76478,608,0,0,5,6,0,153,553,1,15,1,15,21,0,17,0,21,61,0,17,0,187,597,3,47,3,17,27,0,20,0,69,69,0,54,0,false
0,0,0,0,0,0,0,0,2,4,3,30,8,1,2,14,22,1,0.358423,100,57,5,0,0.326797,100,0,0,0,0,0,179,283,5,1,5,1,8,0,4,0,8,88,0,4,0,206,310,5,1,5,1,9,0,5,0,9,96,0,5,0,false
0.110212,4,24,6,0.054348,0.08599,105,89,22,4,4,171,25,145,228,43,116,1,0.455946,740,726,67,0,0.425244,785,0,0,0,0,0,883,1712,10,10,10,10,73,5,66,2,73,427,5,66,2,1061,1932,19,10,19,10,86,5,77,2,86,497,5,77,2,false
0,0,0,0,0,0,0,0,0,0,0,1,0,7,6,0,1,1,0.714286,10,10,2,0,0.714286,10,0,0,2,2,0,4,9,0,1,0,1,1,0,1,0,1,0,0,1,0,4,9,0,1,0,1,1,0,1,0,1,0,0,1,0,false
0,0,0,0,0,0,0,0,1,3,3,67,6,8,13,13,32,1,0.233853,105,89,11,0,0.222458,105,0,0,0,0,0,344,474,8,6,8,6,19,0,10,0,19,167,0,10,0,367,500,9,6,9,6,22,0,12,0,22,174,0,12,0,false
0,0,0,0,0,0,0,0,1,0,0,7,0,20,13,0,7,1,0.582278,46,45,6,0,0.582278,46,0,0,2,8,0,33,72,2,1,2,1,7,0,5,1,7,8,0,5,1,33,72,2,1,2,1,7,0,5,1,7,8,0,5,1,false
0,0,0,0,0,0,0,0,1,2,2,15,4,11,18,4,11,1,0.493151,72,69,8,0,0.493151,72,0,0,2,4,0,74,138,4,4,4,4,7,0,7,0,7,42,0,7,0,74,138,4,4,4,4,7,0,7,0,7,42,0,7,0,false
0.120253,1,4,1,0.057751,0.097143,19,17,1,3,2,39,8,14,22,7,25,1,0.587822,251,246,15,0,0.587822,251,1,1,2,2,1,176,329,5,9,5,8,18,0,14,0,19,85,0,15,0,176,329,5,9,5,8,18,0,14,0,19,85,0,15,0,false
0.130952,1,3,1,0.148148,0.140351,24,16,1,2,2,13,7,8,4,7,14,1,0.308824,42,34,8,0,0.282209,46,1,1,0,0,1,94,136,11,2,9,1,7,0,7,0,13,32,0,11,1,117,162,15,3,9,1,10,0,7,0,28,38,0,18,1,false
0.12357,1,3,1,0.100629,0.09375,16,12,1,2,2,11,8,1,1,14,17,1,0.136364,12,12,3,0,0.10274,15,2,2,0,0,1,76,98,5,3,1,0,3,0,2,0,19,41,0,13,1,131,159,8,3,4,0,8,1,7,0,24,56,1,18,1,false
0,0,0,0,0,0,0,0,1,2,2,10,3,1,1,4,7,1,0.311688,24,20,3,0,0.311688,24,1,1,0,0,1,53,74,8,7,0,1,3,0,2,0,24,22,0,20,3,53,74,8,7,0,1,3,0,2,0,24,22,0,20,3,false
0,0,0,0,0,0,0,0,1,3,3,16,10,1,1,14,17,1,0.12,12,12,3,0,0.166667,25,1,1,0,0,1,88,113,1,0,1,0,3,0,2,0,3,49,0,2,0,125,160,4,0,4,0,7,0,6,0,7,60,0,6,0,false
0,0,0,0,0,0,0,0,1,0,0,1,3,1,0,2,3,0.5,0.416667,5,5,1,1,0.416667,5,1,1,0,0,1,7,7,0,0,0,0,1,0,1,0,1,1,0,1,0,7,7,0,0,0,0,1,0,1,0,1,1,0,1,0,false
0.06359,2,9,3,0.037075,0.055749,36,32,8,6,5,61,16,11,7,38,63,1,0.394511,230,212,23,0,0.364807,340,0,0,0,0,0,353,631,7,7,7,7,25,0,22,1,25,170,0,22,1,592,971,21,19,19,12,51,0,43,1,73,257,0,62,2,false
0,0,0,0,0,0,0,0,1,1,1,9,2,9,20,1,8,1,0.549451,50,48,3,0,0.549451,50,0,0,0,0,0,41,79,4,2,4,2,7,0,2,2,7,11,0,2,2,41,79,4,2,4,2,7,0,2,2,7,11,0,2,2,false
0.088844,3,30,6,0.043137,0.076605,77,74,38,6,3,238,19,66,135,52,121,1,0.446125,708,656,66,0,0.434113,761,0,0,0,0,0,879,1653,8,20,8,20,69,3,65,0,69,443,3,65,0,992,1785,11,20,11,20,76,3,69,0,76,501,3,69,0,false
0.085253,1,6,2,0.056266,0.082305,22,20,1,4,4,55,9,21,34,6,27,0.947368,0.344086,128,118,18,1,0.344086,128,0,0,1,1,0,244,391,8,6,8,6,21,0,18,3,21,113,0,18,3,244,391,8,6,8,6,21,0,18,3,21,113,0,18,3,false
0,0,0,0,0,0,0,0,2,2,2,10,6,2,0,9,13,1,0.151515,10,10,3,0,0.151515,10,0,0,1,1,0,56,72,2,0,2,0,4,0,2,0,4,27,0,2,0,56,72,2,0,2,0,4,0,2,0,4,27,0,2,0,false
0,0,0,0,0,0,0,0,4,4,4,36,0,30,53,0,17,1,0.33642,109,97,18,0,0.33642,109,0,0,0,0,0,215,332,12,2,12,2,17,0,17,0,17,82,0,17,0,215,332,12,2,12,2,17,0,17,0,17,82,0,17,0,false
0,0,0,0,0,0,0,0,1,5,3,22,2,5,13,3,16,1,0.365269,61,59,13,0,0.365269,61,0,0,0,0,0,106,166,4,6,4,6,13,0,12,1,13,40,0,12,1,106,166,4,6,4,6,13,0,12,1,13,40,0,12,1,false
0,0,0,0,0,0,0,0,0,0,0,4,0,4,8,0,4,1,0.805556,29,29,5,0,0.805556,29,0,0,1,26,0,7,27,0,2,0,2,4,0,4,0,4,0,0,4,0,7,27,0,2,0,2,4,0,4,0,4,0,0,4,0,false
0,0,0,0,0,0,0,0,2,3,3,25,11,8,16,20,26,1,0.232432,43,39,7,0,0.17931,52,0,0,0,0,0,142,206,4,0,4,0,6,0,6,2,6,87,0,6,2,238,314,10,0,10,0,13,0,11,2,13,140,0,11,2,false
0.025058,1,4,2,0.012971,0.017677,21,21,1,8,4,176,28,32,41,71,108,1,0.243659,317,284,27,0,0.227735,358,0,0,0,0,0,984,1334,18,18,18,18,37,0,26,1,37,470,0,26,1,1214,1619,40,18,40,18,49,18,29,1,49,599,18,29,1,false
0,0,0,0,0,0,0,0,1,2,2,25,0,1,13,0,15,0.666667,0.245283,39,30,2,1,0.245283,39,0,0,0,0,0,120,163,4,3,4,3,15,0,2,2,15,46,0,2,2,120,163,4,3,4,3,15,0,2,2,15,46,0,2,2,false
0,0,0,0,0,0,0,0,0,0,0,2,0,2,2,0,2,0.333333,0.5,5,5,1,2,0.5,5,0,0,1,1,0,5,6,0,0,0,0,2,0,2,0,2,0,0,2,0,5,6,0,0,0,0,2,0,2,0,2,0,0,2,0,false
0,0,0,0,0,0,0,0,2,4,4,68,10,11,16,28,50,1,0.341801,148,146,19,0,0.367776,210,0,0,0,0,0,285,459,6,3,6,3,22,0,18,5,22,135,0,18,5,361,589,8,3,8,3,31,0,27,8,31,160,0,27,8,false
0,0,0,0,0,0,0,0,0,0,0,1,0,2,3,0,1,0.5,0.555556,5,5,1,1,0.555556,5,0,0,1,1,0,4,4,0,0,0,0,1,0,1,0,1,0,0,1,0,4,4,0,0,0,0,1,0,1,0,1,0,0,1,0,false
0,0,0,0,0,0,0,0,2,2,2,15,5,1,1,4,14,1,0.264957,31,28,7,0,0.264957,31,0,0,0,0,0,86,120,7,1,7,1,10,0,6,0,10,30,0,6,0,86,120,7,1,7,1,10,0,6,0,10,30,0,6,0,false
0,0,0,0,0,0,0,0,1,2,2,18,6,16,22,8,16,1,0.611872,134,132,8,0,0.51735,164,0,0,0,0,0,85,179,1,3,1,3,8,0,7,0,8,34,0,7,0,153,276,8,6,8,6,15,1,11,0,15,57,1,11,0,false
0,0,0,0,0,0,0,0,1,2,2,18,12,1,0,12,14,1,0.152542,9,4,2,0,0.152542,9,1,1,0,0,1,50,63,0,0,0,0,2,0,1,0,2,29,0,1,0,50,63,0,0,0,0,2,0,1,0,2,29,0,1,0,false
0,0,0,0,0,0,0,0,2,0,0,8,3,5,10,3,10,1,0.579545,51,50,8,0,0.512987,79,0,0,0,0,0,37,86,2,0,2,0,7,0,7,0,7,9,0,7,0,75,148,4,0,4,0,12,0,10,0,12,20,0,10,0,false
0.217936,2,24,4,0.135164,0.204861,128,118,10,7,6,164,4,17,30,10,36,1,0.348534,321,268,25,0,0.348534,321,0,0,0,0,0,600,947,8,4,8,4,26,5,24,0,26,338,5,24,0,600,947,8,4,8,4,26,5,24,0,26,338,5,24,0,false
0.009615,1,3,1,0.006928,0.010471,15,14,3,8,5,276,55,174,196,112,197,0.984615,0.340179,646,605,64,1,0.326321,667,1,2,0,0,2,1253,2026,49,25,49,25,85,20,64,11,85,673,20,64,11,1377,2165,58,26,58,26,99,28,77,12,102,714,28,80,12,true
0,0,0,0,0,0,0,0,1,4,3,35,9,4,3,15,20,1,0.105991,23,15,3,0,0.109312,27,0,0,0,0,0,194,253,4,0,4,0,5,0,2,0,5,121,0,2,0,220,280,4,0,4,0,6,0,3,0,6,131,0,3,0,false
0.288221,3,21,6,0.267101,0.32766,82,77,1,4,4,33,10,2,5,13,20,1,0.167808,49,45,3,0,0.167808,49,2,2,0,0,1,243,307,12,0,11,0,7,4,2,0,13,110,4,8,6,243,307,12,0,11,0,7,4,2,0,13,110,4,8,6,false
0,0,0,0,0,0,0,0,0,0,0,2,2,2,2,0,2,1,0.772727,17,17,3,0,0.772727,17,0,0,1,1,0,5,18,0,0,0,0,2,0,2,0,2,0,0,2,0,5,18,0,0,0,0,2,0,2,0,2,0,0,2,0,false
0.043332,1,7,1,0.031609,0.040076,22,21,1,5,5,37,21,14,26,34,50,1,0.268551,76,51,15,0,0.174579,114,0,0,0,0,0,207,320,7,4,7,4,16,0,14,0,16,97,0,14,0,539,696,9,6,9,6,30,0,26,0,30,253,0,26,0,false
0,0,0,0,0,0,0,0,1,4,3,21,6,9,6,15,22,1,0.169697,28,25,6,0,0.183761,43,0,0,0,0,0,137,181,13,4,13,4,7,6,5,0,7,64,6,5,0,191,251,22,5,22,5,12,6,9,0,12,74,6,9,0,false
0.049192,2,10,4,0.03301,0.038541,68,56,3,7,5,187,47,44,49,98,151,1,0.225833,271,230,43,0,0.200637,378,1,3,0,0,3,929,1325,39,11,39,11,53,11,42,4,53,500,11,42,4,1506,2060,57,24,47,16,90,11,68,5,136,739,12,112,18,false
0.044554,1,7,1,0.036184,0.042857,22,21,1,6,6,83,20,10,14,47,62,1,0.095137,45,38,12,0,0.102837,58,0,0,0,0,0,428,523,8,2,8,2,15,0,11,2,15,239,0,11,2,506,608,9,3,9,3,26,0,21,2,26,262,0,21,2,false
0,0,0,0,0,0,0,0,1,4,4,43,8,6,9,11,30,1,0.286232,79,56,18,0,0.290816,114,0,0,0,0,0,197,317,4,11,4,11,19,0,17,2,19,109,0,17,2,278,432,15,11,15,11,24,0,18,2,24,140,0,18,2,false
0.021711,1,3,1,0.031308,0.038462,17,16,1,3,2,45,17,6,7,35,48,1,0.198653,59,58,10,0,0.161479,83,1,1,0,0,1,238,330,9,5,7,4,13,0,9,0,18,130,0,13,1,431,543,13,6,11,5,22,0,17,0,27,206,0,21,1,false
0,0,0,0,0,0,0,0,1,4,3,41,9,1,1,30,35,1,0.11588,27,16,3,0,0.11588,27,1,1,0,0,1,206,246,4,2,1,0,5,0,2,0,22,110,0,17,7,206,246,4,2,1,0,5,0,2,0,22,110,0,17,7,false
0,0,0,0,0,0,0,0,1,2,2,31,20,1,1,31,41,0.5,0.249012,63,33,1,1,0.249012,63,2,2,0,0,1,190,270,8,4,1,0,10,0,1,0,28,81,1,19,1,190,270,8,4,1,0,10,0,1,0,28,81,1,19,1,false
0,0,0,0,0,0,0,0,2,1,1,12,9,11,11,9,17,0.142857,0.096774,6,4,1,6,0.096774,6,2,2,0,0,1,56,70,8,5,1,1,8,1,6,0,26,15,2,24,1,56,70,8,5,1,1,8,1,6,0,26,15,2,24,1,false
0,0,0,0,0,0,0,0,0,2,2,4,5,5,5,6,8,0.5,0.514286,18,17,1,1,0.514286,18,2,2,0,0,1,17,37,7,5,0,1,2,0,1,0,20,9,1,19,1,17,37,7,5,0,1,2,0,1,0,20,9,1,19,1,false
0,0,0,0,0,0,0,0,1,3,3,13,7,2,2,8,13,0.4,0.326531,32,21,2,3,0.326531,32,2,2,0,0,1,66,106,11,4,4,0,5,4,4,0,23,34,5,22,1,66,106,11,4,4,0,5,4,4,0,23,34,5,22,1,false
0,0,0,0,0,0,0,0,2,3,3,13,8,3,3,11,15,0.333333,0.26,26,7,1,2,0.26,26,2,2,0,0,1,74,109,7,4,0,0,4,0,2,0,22,36,1,20,1,74,109,7,4,0,0,4,0,2,0,22,36,1,20,1,false
0.316514,2,20,4,0.283784,0.32381,42,34,1,3,2,43,10,1,1,12,15,0,0.115702,14,0,0,2,0.115702,14,2,3,0,0,2,107,148,139,4,1,0,3,1,1,0,21,46,133,19,1,107,148,139,4,1,0,3,1,1,0,21,46,133,19,1,false
0,0,0,0,0,0,0,0,1,4,3,41,9,1,11,10,14,0.5,0.491329,85,11,1,1,0.491329,85,2,3,0,0,2,88,186,139,4,1,0,4,1,1,0,22,45,133,19,1,88,186,139,4,1,0,4,1,1,0,22,45,133,19,1,false
0,0,0,0,0,0,0,0,1,3,3,18,10,11,8,8,12,0.333333,0.21875,21,10,1,2,0.212121,21,2,2,0,0,1,75,109,8,4,1,0,4,1,2,0,22,43,2,20,1,78,112,8,4,1,0,5,1,3,0,23,43,2,21,1,false
0,0,0,0,0,0,0,0,1,1,1,3,8,1,1,7,9,0.666667,0.419355,13,10,2,1,0.419355,13,2,2,0,0,1,18,29,7,4,0,0,2,0,2,0,20,9,1,20,1,18,29,7,4,0,0,2,0,2,0,20,9,1,20,1,false
0,0,0,0,0,0,0,0,1,2,2,8,10,3,1,9,12,0.666667,0.25,15,12,2,1,0.25,15,2,2,0,0,1,45,67,13,4,6,0,3,0,2,0,21,22,1,20,1,45,67,13,4,6,0,3,0,2,0,21,22,1,20,1,false
0.194444,1,8,1,0.282609,0.283784,26,21,1,4,4,16,14,1,1,17,19,0.5,0.180851,17,11,1,1,0.180851,17,2,3,0,0,2,77,92,139,4,1,0,2,0,1,0,20,46,132,19,1,77,92,139,4,1,0,2,0,1,0,20,46,132,19,1,false
0.261682,1,8,1,0.259615,0.323077,27,21,1,4,4,17,10,1,1,8,10,0.5,0.27957,26,3,1,1,0.27957,26,2,3,0,0,2,67,104,146,4,8,0,2,3,1,0,20,38,135,19,1,67,104,146,4,8,0,2,3,1,0,20,38,135,19,1,false
0,0,0,0,0,0,0,0,0,0,0,1,1,1,1,1,2,0,0,0,0,0,2,0,0,2,2,0,0,1,7,9,8,4,1,0,1,1,1,0,19,1,2,19,1,7,9,8,4,1,0,1,1,1,0,19,1,2,19,1,false
0,0,0,0,0,0,0,0,1,1,1,5,5,3,4,5,8,0.666667,0.285714,10,8,2,1,0.285714,10,2,2,0,0,1,25,34,10,5,3,1,3,3,2,0,21,8,4,20,1,25,34,10,5,3,1,3,3,2,0,21,8,4,20,1,false
0,0,0,0,0,0,0,0,1,1,1,11,5,5,5,5,10,0.25,0.125,8,8,1,3,0.125,8,2,2,0,0,1,56,79,11,6,4,2,5,0,3,0,23,35,1,21,1,56,79,11,6,4,2,5,0,3,0,23,35,1,21,1,false
0,0,0,0,0,0,0,0,1,2,2,9,6,4,4,6,9,0,0,0,0,0,3,0,0,2,2,0,0,1,37,42,7,4,0,0,3,0,2,0,21,17,1,20,1,37,42,7,4,0,0,3,0,2,0,21,17,1,20,1,false
0,0,0,0,0,0,0,0,1,3,3,7,8,1,1,10,12,0,0,0,0,0,2,0,0,2,2,0,0,1,41,44,10,4,3,0,2,3,1,0,20,16,4,19,1,41,44,10,4,3,0,2,3,1,0,20,16,4,19,1,false
0,0,0,0,0,0,0,0,1,5,5,21,6,1,1,3,8,0,0.047619,4,0,0,3,0.047619,4,2,2,0,0,1,80,103,8,5,1,1,5,1,2,0,23,42,2,20,1,80,103,8,5,1,1,5,1,2,0,23,42,2,20,1,false
0,0,0,0,0,0,0,0,1,3,3,19,13,4,2,14,22,0.333333,0.253968,32,16,1,2,0.253968,32,2,2,0,0,1,94,144,15,6,8,2,8,2,2,0,26,46,3,20,1,94,144,15,6,8,2,8,2,2,0,26,46,3,20,1,false
0.361111,1,5,1,0.359375,0.375,23,15,1,3,3,13,12,2,2,11,15,0.5,0.25,14,4,1,1,0.25,14,2,2,0,0,1,42,64,7,6,0,2,4,0,1,0,22,21,1,19,1,42,64,7,6,0,2,4,0,1,0,22,21,1,19,1,false
0,0,0,0,0,0,0,0,1,0,0,2,7,1,1,5,7,0,0.0625,1,0,0,3,0.0625,1,2,2,0,0,1,15,18,7,4,0,0,2,0,2,0,20,6,1,20,1,15,18,7,4,0,0,2,0,2,0,20,6,1,20,1,false
0,0,0,0,0,0,0,0,1,3,3,13,8,4,3,10,14,0.666667,0.283784,21,14,2,1,0.283784,21,2,2,0,0,1,53,81,7,4,0,0,4,0,2,0,22,27,1,20,1,53,81,7,4,0,0,4,0,2,0,22,27,1,20,1,false
0.102848,1,5,1,0.087121,0.086207,23,15,1,4,4,41,17,2,2,29,35,0.5,0.238494,57,27,1,1,0.238494,57,2,2,0,0,1,182,264,14,5,7,1,6,6,1,0,24,80,7,19,1,182,264,14,5,7,1,6,6,1,0,24,80,7,19,1,false
0,0,0,0,0,0,0,0,0,0,0,2,1,3,3,1,3,0,0,0,0,0,2,0,0,2,2,0,0,1,6,7,8,5,1,1,2,1,1,0,20,2,2,19,1,6,7,8,5,1,1,2,1,1,0,20,2,2,19,1,false
0,0,0,0,0,0,0,0,1,1,1,3,7,1,3,5,7,0,0,0,0,0,2,0,0,2,3,0,0,2,15,18,139,4,1,0,2,1,1,0,20,6,133,19,1,15,18,139,4,1,0,2,1,1,0,20,6,133,19,1,false
0,0,0,0,0,0,0,0,1,1,1,6,5,4,4,4,8,0,0,0,0,0,3,0,0,2,2,0,0,1,25,29,8,6,1,2,4,1,2,0,22,8,2,20,1,25,29,8,6,1,2,4,1,2,0,22,8,2,20,1,false
0,0,0,0,0,0,0,0,1,1,1,3,5,1,1,4,6,0,0,0,0,0,2,0,0,2,2,0,0,1,15,16,7,4,0,0,2,0,1,0,20,8,1,19,1,15,16,7,4,0,0,2,0,1,0,20,8,1,19,1,false
0,0,0,0,0,0,0,0,1,1,1,3,4,2,2,3,5,0,0.076923,1,0,0,3,0.076923,1,2,2,0,0,1,12,14,8,4,1,0,2,0,2,0,20,5,1,20,1,12,14,8,4,1,0,2,0,2,0,20,5,1,20,1,false
0,0,0,0,0,0,0,0,1,4,4,18,9,1,1,10,13,0,0.184783,17,4,0,3,0.184783,17,2,3,0,0,2,75,100,138,4,0,0,3,0,2,0,21,36,132,20,1,75,100,138,4,0,0,3,0,2,0,21,36,132,20,1,false
0,0,0,0,0,0,0,0,1,1,1,3,5,1,1,4,6,0.5,0.25,5,5,1,1,0.25,5,2,2,0,0,1,15,19,7,4,0,0,2,0,1,0,20,7,1,19,1,15,19,7,4,0,0,2,0,1,0,20,7,1,19,1,false
0,0,0,0,0,0,0,0,1,1,1,3,5,1,1,5,7,0,0.1875,3,0,0,2,0.1875,3,2,2,0,0,1,13,19,7,4,0,0,2,0,1,0,20,5,1,19,1,13,19,7,4,0,0,2,0,1,0,20,5,1,19,1,false
0,0,0,0,0,0,0,0,1,4,4,19,16,1,1,17,19,0,0.303704,41,0,0,2,0.303704,41,2,2,0,0,1,94,152,7,4,0,0,2,0,1,0,20,61,1,19,1,94,152,7,4,0,0,2,0,1,0,20,61,1,19,1,false
0,0,0,0,0,0,0,0,1,3,3,32,9,10,14,9,18,0.5,0.31677,51,32,4,4,0.31677,51,2,3,0,0,2,110,180,11,10,4,6,9,0,7,0,27,69,1,25,1,110,180,11,10,4,6,9,0,7,0,27,69,1,25,1,false
0,0,0,0,0,0,0,0,1,3,3,10,10,3,2,10,16,0.333333,0.098361,6,4,1,2,0.098361,6,2,2,0,0,1,55,71,8,7,1,3,6,1,2,0,24,28,2,20,1,55,71,8,7,1,3,6,1,2,0,24,28,2,20,1,false
0.158683,1,5,1,0.113402,0.133333,11,10,1,5,3,24,10,1,5,18,23,0,0.048193,4,0,0,2,0.048193,4,2,3,0,0,2,79,97,140,4,2,0,5,2,1,0,23,46,134,19,1,79,97,140,4,2,0,5,2,1,0,23,46,134,19,1,false
0,0,0,0,0,0,0,0,2,2,2,7,7,3,2,8,11,0.666667,0.490566,26,19,2,1,0.490566,26,2,2,0,0,1,27,56,8,4,1,0,3,1,2,0,21,11,2,20,1,27,56,8,4,1,0,3,1,2,0,21,11,2,20,1,false
0,0,0,0,0,0,0,0,1,3,3,12,8,1,2,5,7,0.5,0.113208,6,3,1,1,0.113208,6,2,3,0,0,2,47,60,139,4,1,0,2,1,1,0,20,26,133,19,1,47,60,139,4,1,0,2,1,1,0,20,26,133,19,1,false
0,0,0,0,0,0,0,0,1,1,1,13,6,4,4,10,20,0.75,0.636986,93,89,6,2,0.636986,93,2,3,0,0,1,53,140,21,33,0,3,10,0,7,3,84,17,1,56,17,53,140,21,33,0,3,10,0,7,3,84,17,1,56,17,false
0.08008,1,6,2,0.045614,0.078014,26,22,8,2,2,58,9,13,20,8,40,0.75,0.508264,246,201,15,5,0.474638,262,0,0,1,1,0,238,514,9,5,9,5,32,0,19,2,32,103,0,19,2,290,570,13,5,13,5,36,0,22,2,36,134,0,22,2,false
0,0,0,0,0,0,0,0,0,0,0,2,0,5,1,0,2,1,0.761905,16,16,3,0,0.761905,16,0,0,2,2,0,5,17,0,0,0,0,2,0,2,0,2,0,0,2,0,5,17,0,0,0,0,2,0,2,0,2,0,0,2,0,false
0,0,0,0,0,0,0,0,1,4,4,46,19,15,14,23,37,0.5,0.389972,140,91,5,5,0.389972,140,0,0,1,1,0,219,375,10,5,10,5,14,0,9,0,14,96,0,9,0,219,375,10,5,10,5,14,0,9,0,14,96,0,9,0,false
0,0,0,0,0,0,0,0,1,1,1,16,2,54,39,1,14,0.357143,0.393939,39,39,5,9,0.393939,39,0,0,0,0,0,60,89,1,0,1,0,13,0,13,0,13,31,0,13,0,60,89,1,0,1,0,13,0,13,0,13,31,0,13,0,false
0,0,0,0,0,0,0,0,1,2,2,12,1,7,9,1,6,0.5,0.445783,37,29,3,3,0.456522,42,0,0,0,0,0,46,89,2,0,2,0,5,0,5,1,5,19,0,5,1,50,93,2,0,2,0,6,0,6,1,10,20,0,9,1,false
0,0,0,0,0,0,0,0,0,2,2,6,10,4,4,1,5,0.6,0.302326,13,13,3,2,0.302326,13,0,0,1,1,0,30,49,1,1,1,1,4,0,4,1,4,6,0,4,1,30,49,1,1,1,1,4,0,4,1,4,6,0,4,1,false
0,0,0,0,0,0,0,0,2,4,4,22,27,0,0,40,47,0.5,0.185022,42,14,3,3,0.18315,50,1,1,0,0,1,185,252,1,3,0,2,7,0,5,1,8,86,0,6,1,223,305,8,3,7,2,10,6,6,1,11,103,6,7,1,false
0,0,0,0,0,0,0,0,1,9,5,134,31,1,2,65,87,1,0.289005,276,153,7,0,0.289767,286,1,1,0,0,1,679,1028,198,7,19,7,22,0,6,0,22,444,179,6,0,701,1059,202,16,23,16,34,2,15,0,34,456,181,15,0,false
0,0,0,0,0,0,0,0,1,0,0,3,0,3,6,0,3,0.25,0.071429,1,1,1,3,0.071429,1,0,0,0,0,0,13,17,1,1,1,1,3,0,3,0,3,3,0,3,0,13,17,1,1,1,1,3,0,3,0,3,3,0,3,0,false
0,0,0,0,0,0,0,0,0,0,0,1,1,2,5,1,2,0,0,0,0,0,2,0,0,1,1,0,0,1,3,3,0,0,0,0,1,0,1,0,5,1,0,4,0,3,3,0,0,0,0,1,0,1,0,5,1,0,4,0,false
0,0,0,0,0,0,0,0,3,2,2,11,4,4,4,3,9,0.285714,0.196429,11,9,2,5,0.375887,53,0,0,1,1,0,45,66,1,3,1,3,6,0,6,0,6,17,0,6,0,88,154,4,3,4,3,12,0,11,0,12,38,0,11,0,false
0,0,0,0,0,0,0,0,2,2,2,10,0,1,1,0,4,0.6,0.275862,16,14,3,2,0.275862,16,0,0,0,0,0,42,60,4,0,4,0,4,0,4,0,4,22,0,4,0,42,60,4,0,4,0,4,0,4,0,4,22,0,4,0,false
0,0,0,0,0,0,0,0,0,0,0,6,0,1,5,0,6,0.142857,0.466667,7,7,1,6,0.466667,7,0,0,1,1,0,8,8,0,3,0,3,6,0,6,0,6,0,0,6,0,8,8,0,3,0,3,6,0,6,0,6,0,0,6,0,false
0,0,0,0,0,0,0,0,0,1,1,8,10,2,4,4,9,0,0.276923,18,14,0,5,0.276923,18,1,1,0,0,1,47,71,16,9,6,4,5,0,4,0,19,17,0,13,0,47,71,16,9,6,4,5,0,4,0,19,17,0,13,0,false
0,0,0,0,0,0,0,0,1,3,3,24,3,55,46,8,20,0.4,0.25,29,27,4,6,0.25,29,0,0,2,2,0,87,126,3,6,3,6,12,0,9,2,12,43,0,9,2,87,126,3,6,3,6,12,0,9,2,12,43,0,9,2,false
0,0,0,0,0,0,0,0,1,2,2,21,7,0,0,15,30,0.916667,0.490196,100,84,11,1,0.490196,100,2,3,0,0,1,104,204,22,36,1,6,15,0,11,4,89,43,1,60,18,104,204,22,36,1,6,15,0,11,4,89,43,1,60,18,false
0,0,0,0,0,0,0,0,1,5,5,156,21,60,51,56,114,0.729167,0.423398,456,377,35,13,0.422222,456,1,1,0,0,1,621,1138,20,13,20,13,58,4,47,8,58,315,4,47,8,624,1141,20,13,20,13,59,4,48,8,59,316,4,48,8,false
0,0,0,0,0,0,0,0,0,0,0,1,0,24,60,0,1,0.5,0.3,3,3,1,1,0.3,3,0,0,0,0,0,7,7,0,0,0,0,1,0,1,0,1,1,0,1,0,7,7,0,0,0,0,1,0,1,0,1,1,0,1,0,false
0,0,0,0,0,0,0,0,1,2,2,17,1,2,61,4,16,0,0.230769,24,22,0,1,0.230769,24,0,0,0,0,0,80,119,5,0,5,0,12,0,0,0,12,43,0,0,0,80,119,5,0,5,0,12,0,0,0,12,43,0,0,0,false
0,0,0,0,0,0,0,0,1,2,2,95,8,0,0,7,93,0.035294,0.153005,28,21,3,82,0.153005,28,1,1,0,0,1,155,175,2,4,0,0,86,0,84,0,97,107,0,92,0,155,175,2,4,0,0,86,0,84,0,97,107,0,92,0,false
0.026756,1,12,2,0.037106,0.046404,20,20,1,6,6,98,0,3,36,0,31,0.153846,0.04086,19,15,4,22,0.04086,19,0,0,0,0,0,446,539,17,8,17,8,31,2,25,0,31,217,2,25,0,446,539,17,8,17,8,31,2,25,0,31,217,2,25,0,false
0,0,0,0,0,0,0,0,1,5,3,37,11,12,15,18,27,0.5,0.260664,55,42,2,2,0.260664,55,1,1,0,0,1,156,217,144,1,13,1,9,0,3,0,9,70,131,3,0,156,217,144,1,13,1,9,0,3,0,9,70,131,3,0,false
0.099502,1,4,1,0.141026,0.15873,11,10,1,1,1,18,0,16,8,0,7,0.5,0.166667,13,11,2,2,0.166667,13,0,0,0,0,0,65,78,4,0,4,0,7,3,3,0,7,35,3,3,0,65,78,4,0,4,0,7,3,3,0,7,35,3,3,0,false
0,0,0,0,0,0,0,0,1,6,4,153,19,7,16,40,59,0.888889,0.402886,363,208,8,1,0.402886,363,0,0,0,0,0,538,971,9,1,9,1,19,1,8,0,19,298,1,8,0,538,971,9,1,9,1,19,1,8,0,19,298,1,8,0,false
0,0,0,0,0,0,0,0,0,0,0,2,1,3,0,0,2,0.333333,0.722222,13,13,1,2,0.714286,20,0,0,2,4,0,5,6,0,1,0,1,2,0,2,0,2,0,0,2,0,8,16,0,1,0,1,3,0,3,0,3,0,0,3,0,false
0.037287,1,9,3,0.022575,0.034351,37,27,3,4,4,216,20,42,84,40,114,0.86,0.463514,686,524,43,7,0.460765,687,1,2,2,2,2,794,1628,21,30,21,30,74,1,49,14,74,422,1,49,14,804,1639,23,30,23,30,75,1,49,14,75,424,1,49,14,false
0,0,0,0,0,0,0,0,0,0,0,7,0,4,3,0,7,0.875,0.736842,28,28,7,1,0.736842,28,0,0,1,39,0,10,38,0,0,0,0,7,0,7,0,7,0,0,7,0,10,38,0,0,0,0,7,0,7,0,7,0,0,7,0,false
0.469283,6,52,8,0.250965,0.438356,65,64,1,3,3,38,2,2,41,2,13,0.636364,0.385892,93,79,7,4,0.385892,93,1,1,0,0,1,148,259,9,11,6,5,11,3,10,1,23,97,3,19,3,148,259,9,11,6,5,11,3,10,1,23,97,3,19,3,false
0.396809,57,1835,260,0.359378,0.390928,2079,2077,3,16,16,2031,50,1,3,67,418,0.157303,0.025838,141,97,14,75,0.025834,141,1,2,0,0,2,5316,5784,183,2,13,2,351,4,88,1,351,3996,174,88,1,5317,5785,183,2,13,2,351,4,88,1,351,3996,174,88,1,false
0,0,0,0,0,0,0,0,0,0,0,0,0,14,0,0,0,0,0,0,0,0,1,0,0,0,0,13,13,0,268,272,131,0,131,0,0,131,0,0,0,0,131,0,0,268,272,131,0,131,0,0,131,0,0,0,0,131,0,0,false
0.45125,51,851,134,0.435836,0.439961,917,905,1,13,6,732,4,1,9,11,61,0,0,0,0,0,8,0,0,1,1,0,0,1,2098,2104,156,1,25,1,50,3,7,1,50,1283,134,7,1,2098,2104,156,1,25,1,50,3,7,1,50,1283,134,7,1,false
0,0,0,0,0,0,0,0,0,0,0,0,0,3,0,0,0,0,0,0,0,0,1,0,0,0,0,1,1,0,81,83,39,0,39,0,0,39,0,0,0,0,39,0,0,81,83,39,0,39,0,0,39,0,0,0,0,39,0,0,false
0.316865,15,510,61,0.346667,0.40176,364,274,1,5,3,275,7,39,40,7,51,0.533333,0.215078,194,150,16,14,0.213656,194,1,1,0,0,1,708,1043,135,3,4,3,44,2,29,0,44,348,133,29,0,714,1050,137,3,6,3,45,4,29,0,45,348,135,29,0,false
0,0,0,0,0,0,0,0,2,3,3,141,17,15,28,26,66,0.533333,0.3,255,203,8,7,0.3,255,0,0,0,0,0,595,916,0,10,0,10,40,0,14,2,40,292,0,14,2,595,916,0,10,0,10,40,0,14,2,40,292,0,14,2,false
0,0,0,0,0,0,0,0,0,0,0,2,0,9,10,0,2,0,0,0,0,0,3,0,0,0,0,0,0,0,5,5,0,0,0,0,2,0,2,0,2,2,0,2,0,5,5,0,0,0,0,2,0,2,0,2,2,0,2,0,false
0,0,0,0,0,0,0,0,1,2,2,5,1,3,4,1,4,1,0.456522,21,21,4,0,0.456522,21,0,0,1,1,0,25,43,1,1,1,1,3,0,3,1,3,8,0,3,1,25,43,1,1,1,1,3,0,3,1,3,8,0,3,1,false
0,0,0,0,0,0,0,0,1,2,2,18,0,0,0,0,6,0.666667,0.226415,36,20,2,1,0.226415,36,0,0,0,0,0,123,171,0,1,0,1,6,0,2,0,6,79,0,2,0,123,171,0,1,0,1,6,0,2,0,6,79,0,2,0,false
0,0,0,0,0,0,0,0,0,0,0,1,2,10,1,0,1,0.5,0.285714,4,4,1,1,0.285714,4,1,1,0,0,1,10,12,134,0,3,0,1,3,1,0,1,3,134,1,0,10,12,134,0,3,0,1,3,1,0,1,3,134,1,0,false
0,0,0,0,0,0,0,0,5,3,3,31,7,54,95,1,19,0.526316,0.388535,61,61,10,9,0.36747,61,1,1,38,38,1,96,161,7,4,7,4,18,1,18,1,18,42,1,18,1,105,172,7,11,7,7,21,1,21,1,39,45,1,39,2,false
0,0,0,0,0,0,0,0,5,3,3,15,1,6,10,1,6,0.166667,0.263158,20,20,1,5,0.263158,20,0,0,0,0,0,56,85,0,0,0,0,5,0,5,0,5,42,0,5,0,56,85,0,0,0,0,5,0,5,0,5,42,0,5,0,false
0,0,0,0,0,0,0,0,1,1,1,14,6,11,14,7,17,0.363636,0.330189,35,34,4,7,0.330189,35,1,1,0,0,1,71,107,5,7,2,1,10,0,10,0,22,25,0,19,2,71,107,5,7,2,1,10,0,10,0,22,25,0,19,2,false
0,0,0,0,0,0,0,0,2,3,2,36,13,12,15,15,26,0.666667,0.534296,148,117,6,3,0.534296,148,0,0,2,2,0,129,291,2,4,2,4,11,0,8,0,11,60,0,8,0,129,291,2,4,2,4,11,0,8,0,11,60,0,8,0,false
0,0,0,0,0,0,0,0,2,1,1,2,0,4,1,0,2,1,0.769231,60,60,3,0,0.769231,60,0,0,0,0,0,18,75,8,0,8,0,2,8,2,0,2,3,8,2,0,18,75,8,0,8,0,2,8,2,0,2,3,8,2,0,false
0.632576,5,44,6,0.338462,0.623188,44,43,1,3,3,19,0,2,3,0,6,0.4,0.398305,47,47,2,3,0.398305,47,0,0,0,0,0,71,130,5,1,5,1,6,0,4,0,6,34,0,4,0,71,130,5,1,5,1,6,0,4,0,6,34,0,4,0,false
0,0,0,0,0,0,0,0,1,4,4,110,7,13,17,13,24,1,0.442478,200,150,3,0,0.442478,200,0,0,0,0,0,252,488,10,1,10,1,11,0,2,0,11,122,0,2,0,252,488,10,1,10,1,11,0,2,0,11,122,0,2,0,false
0,0,0,0,0,0,0,0,1,1,1,6,4,48,64,1,5,0.5,0.54902,28,28,2,2,0.54902,28,0,0,3,3,0,23,34,0,0,0,0,4,0,3,0,4,8,0,3,0,23,34,0,0,0,0,4,0,3,0,4,8,0,3,0,false
0,0,0,0,0,0,0,0,1,1,1,4,5,5,9,2,5,0.5,0.375,12,12,2,2,0.375,12,1,1,0,0,1,20,27,1,0,1,0,3,1,3,0,7,7,1,6,0,20,27,1,0,1,0,3,1,3,0,7,7,1,6,0,false
0,0,0,0,0,0,0,0,1,1,1,20,5,4,7,6,18,0.25,0.255102,25,19,2,6,0.255102,25,0,0,0,0,0,73,114,8,5,8,5,12,0,7,1,12,29,0,7,1,73,114,8,5,8,5,12,0,7,1,12,29,0,7,1,false
0,0,0,0,0,0,0,0,1,1,1,7,3,1,2,1,5,0.6,0.476923,31,29,3,2,0.431507,63,1,1,0,0,1,34,67,4,6,2,2,4,0,4,0,15,17,0,12,0,83,139,4,6,2,2,6,0,6,0,17,44,0,14,0,false
0,0,0,0,0,0,0,0,2,2,2,21,4,2,4,4,11,1,0.526316,70,46,5,0,0.526316,70,0,0,1,1,0,63,152,1,1,1,1,7,0,4,0,7,35,0,4,0,63,152,1,1,1,1,7,0,4,0,7,35,0,4,0,false
0,0,0,0,0,0,0,0,1,4,4,120,11,3,12,12,61,0.6,0.292994,184,152,18,12,0.28022,204,1,2,0,0,2,444,713,14,12,14,12,49,0,29,2,49,279,0,29,2,524,821,16,18,16,18,68,0,43,2,68,314,0,40,2,false
0,0,0,0,0,0,0,0,2,3,3,68,13,2,2,29,51,0.789474,0.446121,207,161,15,4,0.446121,207,1,1,0,0,1,257,481,17,11,8,6,22,0,18,1,54,145,0,37,3,257,481,17,11,8,6,22,0,18,1,54,145,0,37,3,false
0,0,0,0,0,0,0,0,0,0,0,1,0,1,1,0,1,0,0,0,0,0,2,0,0,0,0,1,1,0,3,3,0,0,0,0,1,0,1,0,1,0,0,1,0,3,3,0,0,0,0,1,0,1,0,1,0,0,1,0,false
0,0,0,0,0,0,0,0,1,1,1,4,4,1,1,4,7,0.5,0.361111,13,10,2,2,0.288889,13,1,1,0,0,1,23,37,2,1,1,0,3,0,3,0,10,8,0,7,0,32,46,2,1,1,0,5,0,5,0,12,10,0,9,0,false
0,0,0,0,0,0,0,0,1,1,1,7,1,1,1,0,4,1,0.657534,48,43,4,0,0.657534,48,1,1,0,0,1,25,72,1,0,1,0,4,0,3,0,4,10,0,3,0,25,72,1,0,1,0,4,0,3,0,4,10,0,3,0,false
0,0,0,0,0,0,0,0,2,1,1,7,4,0,0,3,7,0.2,0.1875,6,4,1,4,0.1875,6,1,1,0,0,1,26,30,1,5,0,2,4,0,4,0,10,8,0,10,0,26,30,1,5,0,2,4,0,4,0,10,8,0,10,0,false
0,0,0,0,0,0,0,0,2,2,2,14,3,0,0,3,6,0.5,0.108108,8,6,2,2,0.108108,8,0,0,0,0,0,66,86,1,0,1,0,3,0,3,0,3,50,0,3,0,66,86,1,0,1,0,3,0,3,0,3,50,0,3,0,false
0,0,0,0,0,0,0,0,1,3,2,29,0,3,30,0,11,1,0.372807,85,85,11,0,0.372807,85,0,0,0,0,0,143,250,2,0,2,0,11,0,10,0,11,101,0,10,0,143,250,2,0,2,0,11,0,10,0,11,101,0,10,0,false
0,0,0,0,0,0,0,0,0,0,0,5,1,1,0,0,5,1,0.775281,69,69,6,0,0.775281,69,0,0,1,1,0,20,94,0,0,0,0,5,0,5,0,5,0,0,5,0,20,94,0,0,0,0,5,0,5,0,5,0,0,5,0,false
0.141812,2,10,5,0.067686,0.156171,62,62,2,5,3,72,6,3,16,21,43,0.5,0.437677,309,306,4,4,0.437677,309,1,1,0,0,1,397,916,49,0,49,0,22,0,7,0,22,223,0,7,0,397,916,49,0,49,0,22,0,7,0,22,223,0,7,0,false
0,0,0,0,0,0,0,0,0,0,0,17,1,4,8,0,17,1,0.892377,199,199,18,0,0.892377,199,0,0,1,1,0,24,250,0,0,0,0,17,0,17,0,17,0,0,17,0,24,250,0,0,0,0,17,0,17,0,17,0,0,17,0,false
0.084012,3,22,6,0.05248,0.070321,91,68,1,6,6,271,7,2,2,17,48,0.111111,0.322829,461,287,2,16,0.322829,461,1,1,0,0,1,967,1734,27,5,27,5,31,0,17,0,31,620,0,17,0,967,1734,27,5,27,5,31,0,17,0,31,620,0,17,0,false
0,0,0,0,0,0,0,0,0,0,0,0,0,5,0,0,0,1,0.541772,214,56,1,0,0.541772,214,0,0,1,1,0,181,237,179,0,179,0,0,179,0,0,0,0,179,0,0,181,237,179,0,179,0,0,179,0,0,0,0,179,0,0,false
0,0,0,0,0,0,0,0,0,0,0,0,1,2,0,0,0,1,0.76,19,19,1,0,0.76,19,0,0,0,0,0,6,30,4,0,4,0,0,0,0,0,0,0,0,0,0,6,30,4,0,4,0,0,0,0,0,0,0,0,0,0,false
0,0,0,0,0,0,0,0,1,2,2,24,1,2,13,0,8,1,0.492147,94,88,1,0,0.492147,94,0,0,0,0,0,97,225,11,0,11,0,8,0,0,0,8,43,0,0,0,97,225,11,0,11,0,8,0,0,0,8,43,0,0,0,false
0,0,0,0,0,0,0,0,1,4,4,21,4,4,6,2,6,1,0.538462,119,111,2,0,0.538462,119,0,0,0,0,0,102,248,10,0,10,0,4,0,1,0,4,51,0,1,0,102,248,10,0,10,0,4,0,1,0,4,51,0,1,0,false
0.044776,1,10,2,0.036364,0.066445,24,20,0,10,3,100,1,1,3,0,23,1,0.468198,265,256,19,0,0.468198,265,0,0,0,0,0,301,660,24,21,24,21,23,20,18,0,23,188,20,18,0,301,660,24,21,24,21,23,20,18,0,23,188,20,18,0,false
0,0,0,0,0,0,0,0,0,1,1,2,1,0,0,0,1,1,0.576923,15,15,2,0,0.576923,15,1,1,0,0,1,11,18,1,1,0,0,1,0,1,1,3,4,0,3,1,11,18,1,1,0,0,1,0,1,1,3,4,0,3,1,false
0,0,0,0,0,0,0,0,8,0,0,8,2,2,0,0,8,1,0.833333,90,89,9,0,0.833333,90,1,1,1,1,1,18,107,0,0,0,0,8,0,8,0,8,0,0,8,0,18,107,0,0,0,0,8,0,8,0,8,0,0,8,0,false
0,0,0,0,0,0,0,0,7,0,0,7,2,0,0,0,7,1,0.842105,80,79,8,0,0.842105,80,1,1,0,0,1,15,93,0,0,0,0,7,0,7,0,7,0,0,7,0,15,93,0,0,0,0,7,0,7,0,7,0,0,7,0,false
0,0,0,0,0,0,0,0,0,0,0,7,1,3,7,0,7,1,0.868687,86,86,8,0,0.748936,176,0,0,1,1,0,13,94,0,0,0,0,7,0,7,0,7,0,0,7,0,59,228,1,1,1,1,17,0,17,0,17,9,0,17,0,false
0,0,0,0,0,0,0,0,0,0,0,8,1,7,8,0,8,1,0.87395,104,103,9,0,0.87395,104,0,0,3,4,0,15,106,0,0,0,0,8,0,8,0,8,0,0,8,0,15,106,0,0,0,0,8,0,8,0,8,0,0,8,0,false
0,0,0,0,0,0,0,0,1,4,3,17,0,1,1,0,8,0.142857,0.098765,8,8,1,6,0.098765,8,0,0,0,0,0,73,82,4,0,4,0,8,0,6,0,8,27,0,6,0,73,82,4,0,4,0,8,0,6,0,8,27,0,6,0,false
0,0,0,0,0,0,0,0,0,0,0,4,1,1,4,0,4,1,0.844444,38,37,5,0,0.844444,38,0,0,0,0,0,7,34,0,0,0,0,4,0,4,0,4,0,0,4,0,7,34,0,0,0,0,4,0,4,0,4,0,0,4,0,false
0,0,0,0,0,0,0,0,1,3,1,26,1,1,9,2,14,0.9,0.282178,57,52,9,1,0.282178,57,0,0,0,0,0,145,203,4,4,4,4,12,0,9,0,12,70,0,9,0,145,203,4,4,4,4,12,0,9,0,12,70,0,9,0,false
0,0,0,0,0,0,0,0,1,0,0,3,2,1,1,1,4,1,0.6,24,24,4,0,0.6,24,1,1,0,0,1,16,38,1,2,1,2,3,0,3,0,3,3,0,3,0,16,38,1,2,1,2,3,0,3,0,3,3,0,3,0,false
0,0,0,0,0,0,0,0,0,0,0,2,2,3,4,1,3,1,0.633333,19,18,3,0,0.633333,19,1,1,0,0,1,11,24,3,5,0,1,2,0,2,0,10,2,2,9,0,11,24,3,5,0,1,2,0,2,0,10,2,2,9,0,false
0,0,0,0,0,0,0,0,0,5,5,9,2,1,1,3,5,1,0.3,21,20,3,0,0.3,21,1,1,0,0,1,49,65,3,5,0,1,2,0,2,0,10,29,2,9,0,49,65,3,5,0,1,2,0,2,0,10,29,2,9,0,false
0,0,0,0,0,0,0,0,3,1,1,10,2,13,10,2,11,1,0.650794,82,81,9,0,0.650794,82,0,0,3,3,0,44,118,3,5,3,5,9,2,8,0,9,10,2,8,0,44,118,3,5,3,5,9,2,8,0,9,10,2,8,0,false
0,0,0,0,0,0,0,0,0,0,0,2,1,3,2,0,2,1,0.782609,18,18,3,0,0.782609,18,0,0,2,2,0,5,19,0,2,0,2,2,0,2,0,2,0,0,2,0,5,19,0,2,0,2,2,0,2,0,2,0,0,2,0,false
0,0,0,0,0,0,0,0,0,2,2,16,2,4,1,5,9,0.75,0.384615,40,34,3,1,0.384615,40,1,1,0,0,1,64,101,3,7,0,3,4,0,3,0,12,45,2,10,0,64,101,3,7,0,3,4,0,3,0,12,45,2,10,0,false
0.217104,9,61,23,0.143011,0.216737,398,360,1,6,6,356,28,120,308,93,212,1,0.336339,858,808,98,0,0.335524,868,0,0,1,1,0,1693,2745,25,39,25,39,119,4,97,15,119,865,4,97,15,1719,2783,29,39,29,39,122,4,98,15,122,872,4,98,15,true
0,0,0,0,0,0,0,0,5,3,3,46,3,4,7,1,17,0.833333,0.252964,64,51,10,2,0.252964,64,1,1,1,1,1,189,266,4,3,4,3,16,0,11,1,16,98,0,11,1,189,266,4,3,4,3,16,0,11,1,16,98,0,11,1,false
0.13155,1,8,2,0.06875,0.088496,22,20,1,5,4,61,5,1,20,4,21,1,0.234528,72,62,16,0,0.234528,72,0,0,0,0,0,235,320,8,7,8,7,17,0,15,5,17,125,0,15,5,235,320,8,7,8,7,17,0,15,5,17,125,0,15,5,false
0.287293,1,6,2,0.192982,0.222222,33,26,1,1,1,9,3,2,6,4,8,1,0.298507,20,18,5,0,0.288235,49,0,0,0,0,0,47,74,3,0,3,0,4,0,4,0,4,21,0,4,0,121,171,6,1,6,1,15,0,7,0,15,48,0,7,0,false
0.128492,2,10,4,0.109914,0.139818,51,46,1,4,2,49,8,6,17,9,27,1,0.219595,65,64,15,0,0.228188,102,0,0,0,0,0,231,324,12,3,12,3,18,0,14,1,18,116,0,14,1,345,464,27,3,27,3,31,0,19,1,31,160,0,17,1,false
0,0,0,0,0,0,0,0,1,4,4,8,12,1,1,12,14,1,0.329268,27,17,3,0,0.329268,27,3,3,0,0,1,55,82,21,4,0,0,2,0,2,0,17,23,14,11,6,55,82,21,4,0,0,2,0,2,0,17,23,14,11,6,false
0,0,0,0,0,0,0,0,1,5,5,48,11,12,9,24,33,1,0.29765,114,57,4,0,0.296104,114,2,2,4,4,1,269,412,21,4,20,4,9,14,3,0,15,136,14,9,6,271,414,21,4,20,4,10,14,4,0,16,136,14,10,6,false
0.449393,2,9,3,0.314607,0.393939,28,26,1,2,2,8,14,1,1,17,19,1,0.240964,20,17,3,0,0.224719,20,3,3,0,0,1,63,83,21,4,0,0,2,0,2,0,17,30,14,11,6,69,89,21,4,0,0,3,0,3,0,18,31,14,12,6,false
0.06192,2,6,2,0.045584,0.056391,16,15,1,5,5,45,18,1,1,35,42,1,0.183432,62,48,3,0,0.183432,62,3,3,0,0,1,276,351,21,6,0,2,7,0,2,0,22,129,14,11,6,276,351,21,6,0,2,7,0,2,0,22,129,14,11,6,false
0.198058,1,6,2,0.124352,0.167939,24,22,1,5,4,26,13,1,1,31,35,1,0.26087,48,25,3,0,0.26087,48,3,3,0,0,1,136,193,21,4,0,0,4,0,2,0,19,65,14,11,6,136,193,21,4,0,0,4,0,2,0,19,65,14,11,6,false
0,0,0,0,0,0,0,0,1,5,5,9,11,1,1,15,18,1,0.266055,29,25,3,0,0.266055,29,2,2,0,0,1,80,106,8,0,7,0,3,1,2,0,9,39,1,8,6,80,106,8,0,7,0,3,1,2,0,9,39,1,8,6,false
0.029541,1,3,1,0.031977,0.041667,11,10,1,3,3,48,6,14,24,10,27,1,0.273649,81,74,14,0,0.259701,87,0,0,0,0,0,215,308,5,5,5,5,17,0,13,0,17,105,0,13,0,248,344,8,5,8,5,20,3,16,0,20,115,3,16,0,true
0,0,0,0,0,0,0,0,4,0,0,4,2,1,0,0,4,0.2,0.210526,4,4,1,4,0.210526,4,1,1,1,1,1,15,19,0,0,0,0,4,0,4,0,4,0,0,4,0,15,19,0,0,0,0,4,0,4,0,4,0,0,4,0,false
0,0,0,0,0,0,0,0,0,0,0,4,1,3,5,0,4,1,0.8,28,28,5,0,0.8,28,0,0,2,3,0,7,33,0,0,0,0,4,0,4,0,4,0,0,4,0,7,33,0,0,0,0,4,0,4,0,4,0,0,4,0,false
0.037921,1,3,1,0.032738,0.046948,11,10,2,4,3,38,15,9,17,31,45,1,0.387833,102,95,13,0,0.343374,114,1,1,0,0,1,161,269,0,1,0,1,14,0,12,0,14,70,0,12,0,218,336,4,2,4,2,22,3,19,0,26,85,3,23,0,false
0.18612,2,22,4,0.19,0.226415,38,36,0,3,3,25,1,4,7,1,9,1,0.103261,19,18,9,0,0.103261,19,0,0,0,0,0,165,200,3,5,3,5,8,0,8,2,8,109,0,8,2,165,200,3,5,3,5,8,0,8,2,8,109,0,8,2,false
0,0,0,0,0,0,0,0,1,0,0,3,3,2,2,3,6,1,0.12766,6,6,3,0,0.064885,17,0,0,0,0,0,41,52,0,0,0,0,3,0,2,0,3,27,0,2,0,245,287,25,0,25,0,14,0,10,0,14,127,0,10,0,false
0.356531,5,7,5,0.205776,0.232673,57,47,1,3,3,16,8,4,3,7,15,1,0.30137,44,43,1,0,0.189189,49,2,2,1,1,1,102,156,13,3,9,1,8,0,0,0,25,66,0,14,0,210,277,15,3,11,1,13,0,4,0,30,120,0,18,0,false
0,0,0,0,0,0,0,0,1,4,4,27,17,10,7,20,26,1,0.11399,22,18,4,0,0.120968,60,0,0,0,0,0,171,218,7,2,7,2,6,0,3,0,6,87,0,3,0,436,526,13,6,10,4,27,0,19,1,44,190,0,34,8,false
0.211679,1,1,1,0.141414,0.146341,14,12,0,1,1,2,6,2,1,7,8,0,0.020833,1,1,0,2,0.011494,1,0,0,0,0,0,47,59,5,0,5,0,1,0,1,0,1,35,0,1,0,86,99,5,0,5,0,3,0,3,0,3,53,0,3,0,false
0,0,0,0,0,0,0,0,1,1,1,11,1,1,0,0,9,1,0.365591,34,34,10,0,0.352381,37,0,0,0,0,0,59,94,6,3,6,3,9,0,9,3,9,21,0,9,3,68,103,6,3,6,3,10,0,10,3,10,24,0,10,3,false
0,0,0,0,0,0,0,0,0,0,0,2,2,2,2,1,3,0.666667,0.421053,8,8,2,1,0.421053,8,2,2,0,0,1,11,13,2,1,0,0,2,0,2,0,14,2,0,12,1,11,13,2,1,0,0,2,0,2,0,14,2,0,12,1,false
0.516393,3,3,3,0.288889,0.290909,26,16,2,0,0,3,7,4,4,4,7,1,0.269841,17,15,4,0,0.278481,22,1,1,0,0,1,46,77,7,1,5,0,3,0,3,0,8,29,0,7,1,57,90,7,1,5,0,4,0,4,0,9,34,0,8,1,false
0,0,0,0,0,0,0,0,1,1,1,3,6,2,7,6,8,0.333333,0.212121,7,4,1,2,0.092105,7,0,0,0,0,0,26,36,2,0,2,0,2,0,2,0,2,14,0,2,0,69,82,2,1,2,1,7,0,7,0,7,27,0,7,0,false
0.07451,1,4,1,0.126316,0.135802,12,11,1,2,2,20,2,2,3,1,11,0.125,0.022988,2,1,1,7,0.022988,2,0,0,0,0,0,85,95,1,5,1,5,10,0,7,1,10,32,0,7,1,85,95,1,5,1,5,10,0,7,1,10,32,0,7,1,false
0.209799,3,6,4,0.172727,0.178161,38,31,4,2,2,8,8,4,4,6,12,0.833333,0.148515,15,13,5,1,0.112745,23,1,1,0,0,1,86,115,11,1,9,0,6,0,5,0,11,52,0,9,1,181,220,11,1,9,0,8,0,7,0,13,105,0,11,1,false
0.183333,1,1,1,0.067073,0.083333,11,10,0,1,1,4,3,5,10,2,5,1,0.428571,15,14,4,0,0.185897,29,0,0,0,0,0,20,38,0,1,0,1,3,0,3,1,3,8,0,3,1,127,164,6,4,4,3,14,0,12,1,19,56,0,16,2,false
0,0,0,0,0,0,0,0,1,5,5,54,17,1,0,39,50,1,0.160121,53,29,3,0,0.138686,57,1,1,0,0,1,278,359,9,7,5,5,11,0,2,0,25,141,0,10,1,354,450,13,10,9,8,22,0,12,0,39,169,0,23,1,false
0,0,0,0,0,0,0,0,3,2,2,34,12,7,8,14,28,0.888889,0.361789,89,72,8,1,0.310263,130,0,0,1,1,0,157,266,4,2,4,2,14,0,8,1,14,72,0,8,1,289,432,4,8,4,8,28,0,22,1,28,114,0,22,1,false
0.400626,4,4,4,0.269461,0.291339,45,37,2,2,2,12,11,2,2,11,16,1,0.131783,17,17,5,0,0.139073,21,1,1,0,0,1,112,149,9,2,7,1,5,0,4,0,10,79,0,8,1,130,167,9,2,7,1,6,0,5,0,11,89,0,9,1,false
0,0,0,0,0,0,0,0,0,0,0,1,0,7,3,0,1,1,0.764706,13,13,2,0,0.764706,13,0,0,4,4,0,4,8,0,0,0,0,1,0,1,0,1,0,0,1,0,4,8,0,0,0,0,1,0,1,0,1,0,0,1,0,false
0.649315,4,25,5,0.451923,0.626866,94,84,1,5,4,31,9,2,2,15,23,1,0.35514,76,66,9,0,0.35514,76,2,2,0,0,1,138,208,11,7,0,2,8,0,8,1,40,62,1,33,5,138,208,11,7,0,2,8,0,8,1,40,62,1,33,5,false
0.099688,2,8,3,0.106335,0.128571,47,45,3,9,1,37,3,1,1,5,19,1,0.124069,50,34,14,0,0.124069,50,0,0,0,0,0,353,442,15,2,15,2,14,0,13,2,14,129,0,13,2,353,442,15,2,15,2,14,0,13,2,14,129,0,13,2,false
0,0,0,0,0,0,0,0,1,3,3,17,5,4,6,6,12,1,0.173469,17,17,4,0,0.184502,50,0,0,0,0,0,81,102,3,3,3,3,6,0,3,1,6,32,0,3,1,221,274,5,4,5,4,12,0,8,1,12,98,0,8,1,false
0,0,0,0,0,0,0,0,0,0,0,1,0,3,1,0,1,1,0.833333,15,14,2,0,0.833333,15,0,0,2,2,0,3,10,0,0,0,0,1,0,1,0,1,0,0,1,0,3,10,0,0,0,0,1,0,1,0,1,0,0,1,0,false
0,0,0,0,0,0,0,0,0,0,0,5,2,4,8,0,5,0.166667,0.466667,7,7,1,5,0.466667,7,0,0,2,2,0,8,8,0,0,0,0,5,0,5,0,5,0,0,5,0,8,8,0,0,0,0,5,0,5,0,5,0,0,5,0,false
0.020973,2,4,2,0.023529,0.032432,12,12,2,2,2,22,8,10,16,9,19,0.9,0.266667,36,36,9,1,0.236364,117,0,0,0,0,0,99,134,2,5,2,5,10,0,9,0,10,43,0,9,0,378,510,24,26,22,11,36,0,24,0,87,144,0,69,3,false
0,0,0,0,0,0,0,0,5,8,4,78,17,32,24,24,68,0.685714,0.466179,255,162,24,11,0.400585,274,1,1,1,1,1,292,586,17,14,17,14,44,5,34,3,44,130,5,34,3,410,714,24,20,24,20,62,6,47,4,62,188,6,47,4,false
0,0,0,0,0,0,0,0,3,9,4,110,21,14,13,33,59,1,0.212349,141,131,22,0,0.18931,170,2,2,0,0,1,523,715,28,16,11,7,26,1,21,3,57,289,6,42,5,728,969,42,21,24,9,43,9,35,3,80,386,15,59,6,false
0,0,0,0,0,0,0,0,2,0,0,2,8,0,0,1,3,0.333333,0.333333,6,6,1,2,0.333333,6,1,1,0,0,1,12,14,0,0,0,0,2,0,2,0,2,2,0,2,0,12,14,0,0,0,0,2,0,2,0,2,2,0,2,0,false
0,0,0,0,0,0,0,0,0,0,0,2,5,4,5,0,2,0.333333,0.642857,9,9,1,2,0.642857,9,0,0,1,1,0,5,5,0,0,0,0,2,0,2,0,2,0,0,2,0,5,5,0,0,0,0,2,0,2,0,2,0,0,2,0,false
0,0,0,0,0,0,0,0,1,3,2,55,19,2,2,26,44,0.125,0.023364,5,4,1,7,0.02193,5,1,1,0,0,1,209,230,10,3,10,3,18,0,7,0,18,106,0,7,0,223,246,13,8,11,3,20,0,9,0,37,109,0,24,1,false
0,0,0,0,0,0,0,0,0,0,0,1,1,1,1,0,1,1,0.869565,20,20,2,0,0.869565,20,0,0,0,0,0,3,12,0,0,0,0,1,0,1,0,1,0,0,1,0,3,12,0,0,0,0,1,0,1,0,1,0,0,1,0,false
0.290557,2,2,2,0.125874,0.152381,18,16,1,2,2,10,5,3,3,9,15,1,0.164948,16,16,5,0,0.169231,22,0,0,0,0,0,81,113,6,2,6,2,6,0,4,0,6,47,0,4,0,108,143,6,2,6,2,8,0,6,0,8,57,0,6,0,false
0.207254,1,2,1,0.120482,0.166667,10,10,1,2,2,5,5,2,1,3,5,1,0.238095,10,6,3,0,0.168831,13,1,1,0,0,1,32,48,3,0,1,0,2,0,2,0,9,13,0,9,2,64,83,4,0,2,0,5,0,5,0,12,23,0,12,2,false
0.313253,1,6,2,0.201439,0.247788,28,28,1,0,0,7,3,22,30,0,7,0.142857,0.234043,11,11,1,6,0.093023,12,0,0,19,22,0,36,52,2,1,2,1,7,0,6,1,7,13,0,6,1,117,139,2,1,2,1,13,0,10,1,13,52,0,10,1,false
0.098655,1,1,1,0.055866,0.059701,10,8,2,3,3,7,8,4,2,9,12,1,0.123596,11,9,4,0,0.126582,20,1,1,0,0,1,78,107,4,1,2,0,3,0,3,0,8,53,0,7,1,138,179,6,1,4,0,7,0,7,0,12,80,0,11,1,false
0.451216,14,149,34,0.363636,0.481675,396,368,2,7,7,150,2,0,0,13,30,1,0.311229,352,309,14,0,0.313984,357,0,0,0,0,0,779,1088,4,3,4,3,17,0,13,0,17,435,0,13,0,780,1089,7,3,7,3,17,3,13,0,17,435,3,13,0,false
0.081466,1,3,1,0.022321,0.066225,10,10,1,1,1,41,0,1,5,0,19,1,0.645688,277,277,12,0,0.645688,277,0,0,0,0,0,152,448,10,10,10,10,19,1,11,1,19,53,1,11,1,152,448,10,10,10,10,19,1,11,1,19,53,1,11,1,false
0.12446,1,2,2,0.120996,0.12963,34,28,2,3,2,25,11,2,2,19,30,1,0.134454,32,31,11,0,0.140078,36,1,1,0,0,1,206,264,11,1,9,0,11,0,10,0,16,133,0,14,1,221,281,11,1,9,0,12,0,11,0,17,138,0,15,1,false
0.085253,2,2,2,0.04534,0.042071,18,13,3,3,3,36,9,3,3,11,17,1,0.089286,25,20,4,0,0.09375,33,1,1,0,0,1,255,325,11,1,9,0,6,0,3,0,11,151,0,7,1,319,397,13,2,11,1,10,0,6,0,15,183,0,10,1,false
0.283203,3,10,3,0.161017,0.226667,38,34,3,4,3,32,0,3,4,0,17,1,0.412322,87,80,14,0,0.3625,87,0,0,1,1,0,124,205,5,5,5,5,17,0,13,3,17,57,0,13,3,153,236,5,5,5,5,18,0,14,3,18,77,0,14,3,false
0.309168,3,10,3,0.164502,0.241135,38,34,1,3,3,36,0,5,5,0,20,1,0.434783,110,110,17,0,0.434783,110,0,0,1,1,0,143,231,5,8,5,8,20,0,16,4,20,68,0,16,4,143,231,5,8,5,8,20,0,16,4,20,68,0,16,4,false
0.054545,1,2,1,0.066667,0.079365,11,10,2,1,1,15,9,4,4,10,20,1,0.232558,30,27,11,0,0.196319,32,1,1,0,0,1,99,132,5,2,5,2,10,0,10,0,10,53,0,10,0,131,165,6,2,6,2,12,0,12,0,12,60,0,12,0,false
0,0,0,0,0,0,0,0,1,1,1,12,2,9,8,1,8,1,0.333333,31,31,6,0,0.270492,33,0,0,0,0,0,62,92,1,0,1,0,7,0,5,2,7,27,0,5,2,89,121,1,0,1,0,8,0,6,2,8,35,0,6,2,false
0.083026,1,1,1,0.04878,0.043825,16,11,2,3,3,19,6,4,3,4,15,1,0.135246,33,30,4,0,0.133106,39,1,1,0,0,1,211,284,14,3,12,2,11,0,3,0,16,124,0,7,1,254,328,14,3,12,2,14,0,6,0,19,145,0,10,1,false
0,0,0,0,0,0,0,0,3,3,3,36,8,6,4,7,19,1,0.312977,82,70,9,0,0.245283,117,0,0,0,0,0,180,300,10,4,10,4,12,0,8,0,12,97,0,8,0,360,520,14,6,14,6,19,4,13,0,19,173,4,13,0,false
0,0,0,0,0,0,0,0,2,1,1,23,2,14,24,2,15,1,0.433566,62,61,14,0,0.433566,62,1,1,0,0,1,81,141,5,3,5,3,13,0,13,2,13,31,0,13,2,81,141,5,3,5,3,13,0,13,2,13,31,0,13,2,false
0,0,0,0,0,0,0,0,0,0,0,2,1,2,2,0,2,0.333333,0.444444,4,4,1,2,0.444444,4,0,0,1,1,0,5,6,0,0,0,0,2,0,2,0,2,0,0,2,0,5,6,0,0,0,0,2,0,2,0,2,0,0,2,0,false
0.283163,2,12,4,0.168675,0.222222,56,52,2,2,2,43,4,6,18,5,24,1,0.279152,79,77,20,0,0.25387,82,0,0,1,1,0,204,295,6,6,6,6,19,0,19,4,19,103,0,19,4,241,332,6,6,6,6,22,0,22,5,22,116,0,22,5,false
0,0,0,0,0,0,0,0,1,3,3,25,3,2,6,13,22,1,0.31875,51,50,8,0,0.31875,51,0,0,0,0,0,109,160,1,2,1,2,9,0,7,3,9,48,0,7,3,109,160,1,2,1,2,9,0,7,3,9,48,0,7,3,false
0,0,0,0,0,0,0,0,1,4,3,36,5,19,35,12,29,1,0.431734,117,117,16,0,0.393258,140,0,0,3,3,0,154,289,3,2,3,2,17,0,15,7,17,65,0,15,7,216,372,11,9,5,3,25,0,23,7,44,87,0,42,11,false
0.093284,1,2,2,0.125,0.166667,22,22,1,2,2,6,5,2,2,7,11,1,0.278689,17,17,4,0,0.189349,32,0,0,0,0,0,44,68,3,0,3,0,4,0,3,0,4,24,0,3,0,137,176,6,0,6,0,11,0,10,0,11,64,0,10,0,false
0.068783,2,4,2,0.044025,0.055016,21,17,2,5,4,77,20,10,11,38,53,1,0.27088,120,92,11,0,0.27088,120,1,1,1,1,1,323,477,11,5,1,2,15,0,10,1,33,159,1,26,4,323,477,11,5,1,2,15,0,10,1,33,159,1,26,4,false
0,0,0,0,0,0,0,0,2,2,2,18,4,4,4,4,14,1,0.319149,45,45,10,0,0.27619,58,0,0,0,0,0,96,152,1,4,1,4,10,0,9,2,10,50,0,9,2,152,215,6,7,6,7,17,0,15,2,17,65,0,15,2,false
0,0,0,0,0,0,0,0,1,4,4,23,7,1,0,11,14,1,0.125749,21,10,3,0,0.125749,21,1,1,0,0,1,146,186,3,0,3,0,3,0,2,0,3,69,0,2,0,146,186,3,0,3,0,3,0,2,0,3,69,0,2,0,false
0.054103,1,6,2,0.039761,0.058479,20,20,1,5,4,62,4,7,9,4,13,0.888889,0.257426,104,92,8,1,0.242678,116,0,0,0,0,0,300,421,8,2,8,2,9,0,8,1,9,123,0,8,1,362,503,14,2,14,2,17,3,16,3,17,138,3,16,3,false
0,0,0,0,0,0,0,0,2,5,5,184,4,6,9,3,9,1,0.207386,73,34,7,0,0.207386,73,0,0,0,0,0,279,350,4,0,4,0,6,0,6,0,6,55,0,6,0,279,350,4,0,4,0,6,0,6,0,6,55,0,6,0,false
0,0,0,0,0,0,0,0,1,2,2,8,1,1,1,1,4,0,0,0,0,0,2,0.031915,3,0,0,0,0,0,40,44,0,0,0,0,3,0,1,0,3,20,0,1,0,91,95,0,0,0,0,4,0,2,0,4,49,0,2,0,false
0.031348,1,1,1,0.048851,0.053763,17,15,1,1,1,15,14,5,6,13,23,1,0.198582,28,25,7,0,0.116208,38,1,2,0,0,2,113,160,7,0,7,0,10,0,6,2,10,61,0,6,2,289,348,13,6,8,1,25,0,19,2,41,130,0,31,5,false
0.16895,1,2,2,0.098765,0.115789,24,22,3,4,3,28,17,2,1,26,35,1,0.117318,21,21,7,0,0.130045,29,1,1,0,0,1,158,204,5,0,5,0,9,0,6,0,9,93,0,6,0,194,243,5,1,5,1,11,0,8,0,11,112,0,8,0,false
0,0,0,0,0,0,0,0,0,0,0,2,0,3,1,0,2,0,0,0,0,0,3,0,0,0,0,2,3,0,5,5,0,0,0,0,2,0,2,0,2,0,0,2,0,5,5,0,0,0,0,2,0,2,0,2,0,0,2,0,false
0,0,0,0,0,0,0,0,1,2,2,7,0,2,2,0,3,0.333333,0.166667,5,5,1,2,0.166667,5,0,0,0,0,0,25,28,1,0,1,0,3,0,2,0,3,7,0,2,0,25,28,1,0,1,0,3,0,2,0,3,7,0,2,0,false
0.182158,2,17,5,0.14095,0.16047,95,82,2,7,5,59,10,3,10,30,47,1,0.179803,73,63,9,0,0.133111,80,1,1,2,2,1,333,451,11,2,9,1,17,0,8,0,22,183,0,12,1,521,674,15,7,13,6,33,0,20,0,38,260,0,24,1,false
0.042087,2,8,3,0.039954,0.049536,35,32,1,3,3,47,20,9,17,19,36,1,0.212575,71,62,14,0,0.180929,148,1,2,0,0,2,263,376,15,6,15,6,17,0,13,1,17,138,0,13,1,670,876,30,10,30,10,39,3,28,1,39,344,3,28,1,false
0,0,0,0,0,0,0,0,2,2,2,14,10,3,3,7,13,1,0.16129,20,15,4,0,0.169082,35,1,1,0,0,1,104,154,8,2,6,1,6,0,3,0,11,74,0,7,1,172,229,8,3,6,2,11,0,7,0,16,104,0,11,1,false
0,0,0,0,0,0,0,0,3,2,2,30,19,5,2,15,24,1,0.134503,23,21,7,0,0.115044,39,1,2,0,0,2,148,202,7,0,7,0,9,0,6,0,9,89,0,6,0,300,369,7,1,7,1,20,0,15,0,20,159,0,15,0,false
0,0,0,0,0,0,0,0,2,1,1,9,1,22,30,0,7,1,0.418367,41,39,8,0,0.401709,47,0,0,8,8,0,57,94,2,0,2,0,7,0,7,2,7,22,0,7,2,70,108,2,0,2,0,9,0,9,2,9,26,0,9,2,false
0,0,0,0,0,0,0,0,1,2,1,12,10,0,0,13,18,1,0.113636,15,13,5,0,0.113636,15,1,1,0,0,1,117,151,7,1,5,0,5,0,4,0,10,80,0,8,1,117,151,7,1,5,0,5,0,4,0,10,80,0,8,1,false
0,0,0,0,0,0,0,0,1,1,1,7,1,3,3,1,7,1,0.632075,67,60,7,0,0.632075,67,0,0,0,0,0,39,103,3,2,3,2,6,0,6,0,6,15,0,6,0,39,103,3,2,3,2,6,0,6,0,6,15,0,6,0,false
0.070513,1,4,2,0.136364,0.132353,24,18,1,2,2,15,2,1,4,2,9,0.833333,0.159509,26,18,5,1,0.159509,26,0,0,0,0,0,137,176,13,0,13,0,7,0,5,0,7,67,0,5,0,137,176,13,0,13,0,7,0,5,0,7,67,0,5,0,false
0,0,0,0,0,0,0,0,5,4,4,48,17,26,46,28,42,1,0.204482,73,60,13,0,0.191646,78,1,1,0,0,1,284,375,21,1,21,1,14,0,12,3,14,164,0,12,3,329,423,21,1,21,1,17,0,15,3,17,181,0,15,3,false
0,0,0,0,0,0,0,0,1,4,1,16,4,3,3,9,16,0.857143,0.115702,14,12,6,1,0.115702,14,1,1,0,0,1,107,136,11,2,9,1,7,0,6,0,12,66,0,10,1,107,136,11,2,9,1,7,0,6,0,12,66,0,10,1,false
0,0,0,0,0,0,0,0,3,0,0,7,5,2,2,5,12,1,0.170732,14,14,7,0,0.202128,19,1,1,1,1,1,68,94,2,1,0,0,7,0,6,0,12,34,0,10,1,75,102,2,1,0,0,8,0,7,0,13,35,0,11,1,false
0,0,0,0,0,0,0,0,3,1,1,9,6,2,2,6,10,1,0.139785,13,11,4,0,0.150442,17,1,1,0,0,1,80,115,7,1,5,0,4,0,3,0,9,52,0,7,1,96,131,7,1,5,0,5,0,4,0,10,59,0,8,1,false
0,0,0,0,0,0,0,0,1,2,2,11,2,1,4,1,6,1,0.214286,15,13,4,0,0.22619,19,0,0,0,0,0,55,79,4,0,4,0,5,0,3,0,5,26,0,3,0,65,90,6,0,6,0,6,0,3,0,6,28,0,3,0,false
0.370411,9,53,12,0.298246,0.348131,170,149,5,7,7,98,1,3,3,0,19,0.705882,0.248705,144,128,12,5,0.248276,144,0,0,0,0,0,435,569,16,3,16,3,19,2,16,0,19,233,2,16,0,436,570,19,3,19,3,19,5,16,0,19,233,5,16,0,false
0,0,0,0,0,0,0,0,0,0,0,1,4,0,0,1,2,1,0.5,8,8,2,0,0.169355,21,1,1,0,0,1,8,12,0,1,0,1,1,0,1,0,1,2,0,1,0,103,120,3,3,3,2,9,0,8,0,10,40,0,9,0,false
0,0,0,0,0,0,0,0,0,0,0,1,4,0,0,1,2,1,0.428571,6,6,2,0,0.268519,29,1,1,0,0,1,8,13,0,1,0,1,1,0,1,0,1,2,0,1,0,79,108,2,5,2,5,13,0,9,0,13,21,0,9,0,false
0.509615,1,2,1,0.3125,0.384615,15,15,0,0,0,1,4,0,0,1,2,1,0.428571,6,6,2,0,0.18,9,1,1,0,0,1,8,11,0,1,0,1,1,0,1,0,1,2,0,1,0,41,48,2,2,2,2,6,0,6,0,6,12,0,6,0,false
0,0,0,0,0,0,0,0,0,0,0,1,4,0,0,1,2,1,0.466667,7,7,2,0,0.16,40,1,1,0,0,1,8,15,0,1,0,1,1,0,1,0,1,2,0,1,0,210,262,13,4,11,3,20,0,14,1,25,86,0,18,2,false
0.486239,1,2,1,0.319149,0.384615,15,15,0,0,0,1,4,0,0,1,2,1,0.466667,7,7,2,0,0.196078,10,1,1,0,0,1,8,11,0,1,0,1,1,0,1,0,1,2,0,1,0,41,47,2,2,2,2,6,0,6,0,6,12,0,6,0,false
0.574257,2,2,2,0.402778,0.509434,29,27,0,0,0,1,4,0,0,1,2,1,0.384615,5,5,2,0,0.246575,18,1,1,0,0,1,8,12,0,1,0,1,1,0,1,0,1,2,0,1,0,55,72,2,2,2,2,6,0,5,0,6,22,0,5,0,false
0,0,0,0,0,0,0,0,0,0,0,1,4,0,0,1,2,1,0.428571,6,6,2,0,0.179775,32,1,1,0,0,1,8,13,0,1,0,1,1,0,1,0,1,2,0,1,0,146,199,8,4,8,4,13,0,12,0,13,60,0,12,0,false
0.5,1,2,1,0.306122,0.384615,15,15,0,0,0,1,4,0,0,1,2,1,0.428571,6,6,2,0,0.18,9,1,1,0,0,1,8,12,0,1,0,1,1,0,1,0,1,2,0,1,0,41,49,2,2,2,2,6,0,6,0,6,12,0,6,0,false
0.695122,2,3,2,0.467742,0.529412,29,27,0,0,0,1,4,0,0,1,2,1,0.428571,6,6,2,0,0.171875,11,1,1,0,0,1,8,12,0,1,0,1,1,0,1,0,1,2,0,1,0,53,62,2,2,2,2,6,0,5,0,6,19,0,5,0,true
0.699386,2,3,2,0.439394,0.55102,29,27,0,0,0,1,4,0,0,1,2,1,0.428571,6,6,2,0,0.25,17,1,1,0,0,1,8,11,0,1,0,1,1,0,1,0,1,2,0,1,0,51,66,2,2,2,2,6,0,5,0,6,19,0,5,0,true
0.695122,2,3,2,0.47619,0.529412,30,27,0,0,0,1,4,0,0,1,2,1,0.428571,6,6,2,0,0.171875,11,1,1,0,0,1,8,12,0,1,0,1,1,0,1,0,1,2,0,1,0,53,63,2,2,2,2,6,0,5,0,6,19,0,5,0,true
0,0,0,0,0,0,0,0,0,0,0,1,4,0,0,1,2,1,0.428571,6,6,2,0,0.119266,13,1,1,0,0,1,8,11,0,1,0,1,1,0,1,0,1,2,0,1,0,96,110,4,2,4,2,9,0,8,0,9,39,0,8,0,false
0,0,0,0,0,0,0,0,0,0,0,1,2,14,1,0,1,1,0.733333,11,11,2,0,0.733333,11,0,0,13,13,0,4,9,0,1,0,1,1,0,1,0,1,0,0,1,0,4,9,0,1,0,1,1,0,1,0,1,0,0,1,0,false
0,0,0,0,0,0,0,0,0,0,0,1,0,11,0,0,1,1,0.384615,5,4,2,0,0.384615,5,0,0,1,1,0,8,9,0,1,0,1,1,0,1,0,1,1,0,1,0,8,9,0,1,0,1,1,0,1,0,1,1,0,1,0,false
0,0,0,0,0,0,0,0,0,0,0,3,0,28,3,0,3,1,0.684211,13,13,4,0,0.684211,13,0,0,13,13,0,6,17,0,1,0,1,3,0,3,0,3,0,0,3,0,6,17,0,1,0,1,3,0,3,0,3,0,0,3,0,false
0.58,2,2,2,0.444444,0.5,28,26,0,0,0,1,4,0,0,1,2,1,0.428571,6,6,2,0,0.169231,11,1,1,0,0,1,8,12,0,1,0,1,1,0,1,0,1,2,0,1,0,54,63,2,2,2,2,6,0,6,0,6,22,0,6,0,true
0,0,0,0,0,0,0,0,1,2,2,33,3,6,7,6,20,1,0.204678,35,34,11,0,0.230415,50,0,0,0,0,0,136,173,3,2,3,2,14,0,10,2,14,62,0,10,2,167,214,6,2,6,2,19,0,12,2,19,69,0,12,2,false
0,0,0,0,0,0,0,0,0,0,0,1,0,2,1,0,1,0.5,0.555556,5,5,1,1,0.555556,5,0,0,1,1,0,4,4,0,0,0,0,1,0,1,0,1,0,0,1,0,4,4,0,0,0,0,1,0,1,0,1,0,0,1,0,false
0,0,0,0,0,0,0,0,1,9,5,35,8,4,2,13,23,1,0.200758,53,50,8,0,0.185629,62,0,0,0,0,0,211,286,3,1,3,1,10,0,7,0,10,124,0,7,0,272,361,11,1,11,1,16,0,9,0,16,145,0,9,0,false
0,0,0,0,0,0,0,0,0,2,2,4,9,4,2,7,9,1,0.086957,4,4,2,0,0.08547,20,0,0,0,0,0,42,63,4,1,4,1,2,0,1,0,2,21,0,1,0,214,263,9,4,9,4,13,0,10,0,13,96,0,10,0,false
0.072227,1,4,2,0.054632,0.066007,23,20,1,3,3,15,15,5,5,15,21,1,0.112782,15,13,4,0,0.202046,79,0,0,0,0,0,118,164,5,0,5,0,6,0,3,0,6,62,0,3,0,312,421,14,2,14,2,20,0,12,0,20,145,0,12,0,true
0.056317,1,4,2,0.051724,0.063584,24,22,1,4,4,30,19,10,6,28,41,1,0.231884,64,55,12,0,0.181818,80,1,3,0,0,3,212,313,11,5,11,5,13,0,11,0,15,101,0,13,1,360,464,11,5,11,5,20,0,18,0,22,162,0,20,1,true
0,0,0,0,0,0,0,0,0,0,0,8,0,6,6,0,8,0.444444,0.633333,19,19,4,5,0.633333,19,0,0,1,1,0,11,28,0,3,0,3,8,0,8,1,8,0,0,8,1,11,28,0,3,0,3,8,0,8,1,8,0,0,8,1,false
0,0,0,0,0,0,0,0,1,0,0,7,5,3,3,4,9,1,0.2125,17,17,5,0,0.204082,30,0,0,0,0,0,63,84,8,1,8,1,5,2,4,1,5,19,2,4,1,117,144,9,1,9,1,8,2,6,1,8,42,2,6,1,false
0,0,0,0,0,0,0,0,1,4,4,11,4,3,5,3,8,1,0.294872,23,20,6,0,0.169591,29,1,1,2,2,1,55,79,2,3,2,3,5,0,5,0,6,23,0,6,0,142,175,8,3,8,3,10,1,8,1,11,55,1,9,1,false
0,0,0,0,0,0,0,0,2,2,2,10,6,1,2,10,13,1,0.3625,29,15,4,0,0.224638,31,2,2,0,0,1,51,82,3,3,1,0,3,0,3,0,8,26,0,8,0,107,146,11,6,7,3,10,0,10,1,15,42,2,15,1,false
0,0,0,0,0,0,0,0,1,3,3,15,6,2,1,7,10,0.666667,0.20202,20,12,2,1,0.156425,28,1,1,0,0,1,79,108,2,1,2,1,3,0,2,0,3,44,0,2,0,151,189,7,1,7,1,7,0,5,1,7,69,0,5,1,false
0,0,0,0,0,0,0,0,0,0,0,2,2,16,1,0,2,1,0.783784,29,29,3,0,0.272189,46,0,0,8,8,0,8,55,2,0,2,0,2,2,2,0,2,0,2,2,0,123,190,5,0,5,0,22,2,21,0,22,22,2,21,0,false
0,0,0,0,0,0,0,0,0,0,0,1,2,7,1,0,1,1,0.727273,16,16,2,0,0.727273,16,0,0,4,6,0,6,18,0,0,0,0,1,0,1,0,1,0,0,1,0,6,18,0,0,0,0,1,0,1,0,1,0,0,1,0,false
0,0,0,0,0,0,0,0,8,0,0,8,7,1,0,4,12,0,0,0,0,0,9,0,0,0,0,0,0,0,57,64,0,0,0,0,8,0,8,0,8,8,0,8,0,57,64,0,0,0,0,8,0,8,0,8,8,0,8,0,false
0,0,0,0,0,0,0,0,1,2,1,11,6,1,2,5,9,1,0.193548,12,12,3,0,0.193548,12,2,2,0,0,1,50,59,3,4,1,1,4,0,2,0,9,19,0,7,0,50,59,3,4,1,1,4,0,2,0,9,19,0,7,0,false
0,0,0,0,0,0,0,0,1,2,2,15,4,1,4,3,8,1,0.289157,24,22,5,0,0.266667,36,1,1,0,0,1,59,84,5,0,5,0,5,0,4,0,5,21,0,4,0,99,135,6,0,6,0,8,1,7,1,8,31,1,7,1,false
0,0,0,0,0,0,0,0,1,3,3,7,4,1,0,1,2,0.5,0.395833,19,17,1,1,0.395833,19,1,1,0,0,1,29,34,0,0,0,0,1,0,1,0,1,18,0,1,0,29,34,0,0,0,0,1,0,1,0,1,18,0,1,0,false
0,0,0,0,0,0,0,0,6,4,4,45,6,18,29,6,27,0.95,0.427793,157,153,19,1,0.427793,157,0,0,2,4,0,210,386,10,3,10,3,21,1,19,3,21,95,1,19,3,210,386,10,3,10,3,21,1,19,3,21,95,1,19,3,false
0,0,0,0,0,0,0,0,0,0,0,2,3,1,1,0,2,0.333333,0.333333,6,6,1,2,0.333333,6,1,1,0,0,1,12,14,1,1,1,1,2,0,2,0,2,2,0,2,0,12,14,1,1,1,1,2,0,2,0,2,2,0,2,0,false
0,0,0,0,0,0,0,0,0,0,0,1,2,4,2,0,1,0.5,0.5,4,4,1,1,0.5,4,0,0,3,5,0,4,4,0,1,0,1,1,0,1,0,1,0,0,1,0,4,4,0,1,0,1,1,0,1,0,1,0,0,1,0,false
0.457184,6,29,7,0.342262,0.450893,115,101,1,5,4,56,11,2,0,21,31,1,0.272727,87,60,5,0,0.272727,87,1,1,1,1,1,232,336,11,4,1,1,10,0,4,0,27,113,1,19,3,232,336,11,4,1,1,10,0,4,0,27,113,1,19,3,false
0,0,0,0,0,0,0,0,1,3,3,14,5,3,4,5,10,1,0.355372,43,36,5,0,0.404255,76,0,0,0,0,0,78,122,0,4,0,4,5,0,4,0,5,30,0,4,0,112,187,3,6,3,6,9,0,8,0,9,42,0,8,0,false
0,0,0,0,0,0,0,0,0,0,0,4,1,2,5,0,4,0.6,0.477273,21,12,3,2,0.477273,21,1,1,0,0,1,23,40,1,3,1,3,4,0,4,0,4,7,0,4,0,23,40,1,3,1,3,4,0,4,0,4,7,0,4,0,false
0,0,0,0,0,0,0,0,1,1,1,5,3,0,0,2,4,1,0.390244,16,15,3,0,0.390244,16,2,2,0,0,1,25,36,4,0,3,0,2,0,2,0,8,8,0,8,6,25,36,4,0,3,0,2,0,2,0,8,8,0,8,6,false
0,0,0,0,0,0,0,0,0,0,0,3,0,5,5,0,3,1,0.794118,27,27,4,0,0.794118,27,0,0,2,2,0,7,24,0,3,0,3,3,0,3,0,3,0,0,3,0,7,24,0,3,0,3,3,0,3,0,3,0,0,3,0,false
0,0,0,0,0,0,0,0,0,0,0,1,0,5,2,0,1,1,0.8,16,16,2,0,0.8,16,0,0,3,3,0,4,8,0,0,0,0,1,0,1,0,1,0,0,1,0,4,8,0,0,0,0,1,0,1,0,1,0,0,1,0,false
0,0,0,0,0,0,0,0,1,2,2,14,4,5,6,6,12,1,0.442623,54,46,7,0,0.442623,54,0,0,0,0,0,68,118,1,5,1,5,6,0,6,0,6,23,0,6,0,68,118,1,5,1,5,6,0,6,0,6,23,0,6,0,false
0,0,0,0,0,0,0,0,0,1,1,9,2,1,0,4,8,0.6,0.25974,20,15,3,2,0.19403,26,1,1,0,0,1,57,81,5,3,5,3,4,0,4,0,4,17,0,4,0,108,139,5,3,5,3,5,0,5,0,5,40,0,5,0,false
0.049608,1,2,1,0.065476,0.064516,11,8,2,2,2,18,7,7,4,12,21,1,0.234483,34,29,10,0,0.23494,39,1,1,0,0,1,111,149,22,10,4,2,9,1,9,0,49,45,14,44,0,127,168,37,24,4,3,11,1,10,0,84,49,26,76,9,false
0.053073,1,2,1,0.082707,0.086957,11,8,2,3,3,11,4,4,0,3,8,1,0.243243,18,16,5,0,0.208,26,1,1,0,0,1,56,82,20,9,2,1,5,1,4,0,45,30,14,39,0,99,133,35,23,2,2,7,1,5,0,80,51,26,71,9,false
0.050704,1,6,3,0.052795,0.070588,34,30,12,4,3,75,13,10,3,25,45,1,0.27234,128,84,21,0,0.275459,165,1,1,0,0,1,342,510,20,12,2,4,20,1,20,1,60,158,14,55,1,434,644,40,30,7,9,30,3,29,2,103,193,28,95,11,false
0,0,0,0,0,0,0,0,1,1,1,10,4,4,7,4,11,0.125,0.145455,8,8,1,7,0.145455,8,1,1,0,0,1,47,56,3,2,2,2,7,0,7,1,7,12,1,7,1,47,56,3,2,2,2,7,0,7,1,7,12,1,7,1,false
0,0,0,0,0,0,0,0,1,3,3,6,2,0,0,1,4,0.333333,0.358209,24,20,1,2,0.358209,24,1,1,0,0,1,43,60,3,0,3,0,3,1,2,0,3,19,1,2,0,43,60,3,0,3,0,3,1,2,0,3,19,1,2,0,false
0,0,0,0,0,0,0,0,3,1,1,7,3,1,0,3,7,1,0.233333,14,13,5,0,0.233333,14,1,1,0,0,1,46,53,18,8,0,0,4,0,4,0,44,16,13,39,0,46,53,18,8,0,0,4,0,4,0,44,16,13,39,0,false
0,0,0,0,0,0,0,0,13,5,5,93,21,44,71,36,76,1,0.562749,565,545,36,0,0.541818,596,0,0,4,4,0,439,1010,18,8,18,8,40,13,35,0,40,180,13,35,0,504,1093,37,21,22,8,45,13,39,0,78,199,25,70,9,false
0.041872,1,3,1,0.032189,0.05166,15,14,2,4,3,66,10,40,69,21,54,1,0.385621,177,175,32,0,0.385621,177,0,0,4,4,0,282,466,15,13,15,13,33,12,31,9,33,111,12,31,9,282,466,15,13,15,13,33,12,31,9,33,111,12,31,9,false
0,0,0,0,0,0,0,0,0,0,0,3,1,6,4,0,3,1,0.75,21,21,4,0,0.75,21,0,0,2,2,0,7,23,1,1,1,1,3,1,3,0,3,0,1,3,0,7,23,1,1,1,1,3,1,3,0,3,0,1,3,0,false
0,0,0,0,0,0,0,0,2,3,3,39,12,52,112,20,41,1,0.463889,167,150,21,0,0.425428,174,0,0,0,0,0,193,367,11,9,11,9,21,1,20,0,21,74,1,20,0,235,416,11,9,11,9,24,1,23,0,24,89,1,23,0,false
0,0,0,0,0,0,0,0,1,2,2,10,2,0,0,2,4,1,0.242424,16,13,2,0,0.242424,16,1,1,0,0,1,50,64,0,1,0,1,2,0,1,0,2,25,0,1,0,50,64,0,1,0,1,2,0,1,0,2,25,0,1,0,false
0.042692,8,31,13,0.036063,0.054034,155,144,3,29,4,491,89,296,649,209,352,1,0.326813,1203,1025,110,0,0.309325,1224,0,0,0,0,0,2478,4003,31,53,31,53,143,0,109,8,143,1357,0,109,8,2733,4298,53,67,35,56,159,0,119,8,193,1469,1,143,8,false
0.092233,1,1,1,0.116788,0.153061,16,15,2,3,3,20,9,0,0,7,10,1,0.20354,23,12,4,0,0.185484,23,1,1,0,0,1,90,126,1,0,1,0,3,0,3,0,3,51,0,3,0,101,137,1,0,1,0,5,0,5,0,5,53,0,5,0,false
0,0,0,0,0,0,0,0,0,0,0,2,0,9,1,0,2,1,0.8,20,20,3,0,0.8,20,0,0,8,8,0,5,16,0,0,0,0,2,0,2,0,2,0,0,2,0,5,16,0,0,0,0,2,0,2,0,2,0,0,2,0,false
0.287532,2,5,2,0.194631,0.229358,29,25,1,1,1,10,8,3,1,4,7,1,0.269231,21,20,4,0,0.191489,27,0,0,0,0,0,57,86,3,1,3,1,3,0,3,0,3,24,0,3,0,114,149,4,1,4,1,8,0,8,1,8,44,0,8,1,false
0,0,0,0,0,0,0,0,3,3,3,24,8,2,3,11,19,0.875,0.133333,14,13,7,1,0.167883,23,0,0,0,0,0,91,129,5,0,5,0,8,0,7,0,8,46,0,7,0,114,156,7,0,7,0,10,0,8,0,10,52,0,8,0,false
0.286802,2,5,2,0.184211,0.225225,28,25,1,1,1,10,6,5,2,4,7,1,0.212963,23,22,4,0,0.1875,27,0,0,0,0,0,85,117,5,1,5,1,3,0,3,0,3,22,0,3,0,117,152,6,1,6,1,6,0,6,0,6,32,0,6,0,false
0.209945,1,1,1,0.235294,0.258621,16,15,2,3,3,5,9,0,0,8,10,1,0.122807,7,4,3,0,0.102941,7,1,1,0,0,1,50,57,0,0,0,0,2,0,2,0,2,20,0,2,0,61,68,0,0,0,0,4,0,4,0,4,22,0,4,0,false
0,0,0,0,0,0,0,0,2,4,3,9,5,0,0,4,7,1,0.127273,7,6,3,0,0.127273,7,1,1,0,0,1,48,58,0,0,0,0,3,0,2,0,3,27,0,2,0,48,58,0,0,0,0,3,0,2,0,3,27,0,2,0,false
0,0,0,0,0,0,0,0,2,2,2,6,8,0,0,9,11,1,0.108696,5,4,3,0,0.125,17,1,1,0,0,1,41,54,0,0,0,0,2,0,2,0,2,23,0,2,0,119,151,5,2,5,2,7,0,5,0,7,49,0,5,0,false
0,0,0,0,0,0,0,0,1,2,1,5,2,7,1,1,2,1,0.290323,9,8,2,0,0.290323,9,0,0,0,0,0,22,25,0,0,0,0,1,0,1,0,1,9,0,1,0,22,25,0,0,0,0,1,0,1,0,1,9,0,1,0,false
0,0,0,0,0,0,0,0,2,5,4,25,6,0,0,8,11,0.666667,0.089041,13,5,2,1,0.089041,13,1,1,0,0,1,133,160,0,0,0,0,3,0,2,0,3,81,0,2,0,133,160,0,0,0,0,3,0,2,0,3,81,0,2,0,false
0.319876,2,5,2,0.294118,0.317073,30,26,2,3,3,11,8,0,0,7,9,1,0.118421,9,4,3,0,0.096774,9,1,1,0,0,1,67,83,0,0,0,0,2,0,2,0,2,39,0,2,0,84,102,0,0,0,0,5,0,5,0,5,43,0,5,0,false
0.23356,2,5,2,0.18543,0.227273,28,25,2,3,3,11,9,0,0,6,8,1,0.266667,28,4,3,0,0.2,28,1,1,0,0,1,77,115,0,0,0,0,2,0,2,0,2,46,0,2,0,112,151,0,0,0,0,6,0,6,0,6,58,0,6,0,false
0,0,0,0,0,0,0,0,2,3,2,12,8,0,0,10,13,1,0.171429,18,12,4,0,0.171429,18,1,1,0,0,1,87,108,1,0,1,0,3,0,3,0,3,53,0,3,0,87,108,1,0,1,0,3,0,3,0,3,53,0,3,0,false
0,0,0,0,0,0,0,0,0,1,1,3,5,1,1,2,4,1,0.470588,16,16,3,0,0.470588,16,3,3,0,0,1,18,27,9,4,1,1,2,0,2,0,14,6,6,11,0,18,27,9,4,1,1,2,0,2,0,14,6,6,11,0,false
0,0,0,0,0,0,0,0,1,1,1,6,3,11,21,3,8,1,0.633027,69,68,6,0,0.633027,69,1,1,0,0,1,40,114,13,4,12,3,5,10,5,0,10,9,10,8,0,40,114,13,4,12,3,5,10,5,0,10,9,10,8,0,false
0,0,0,0,0,0,0,0,1,1,1,5,2,5,6,2,6,1,0.592105,45,44,5,0,0.592105,45,1,1,0,0,1,31,74,6,3,5,2,4,3,4,0,9,8,3,7,0,31,74,6,3,5,2,4,3,4,0,9,8,3,7,0,false
0,0,0,0,0,0,0,0,1,0,0,3,1,5,7,2,5,1,0.585366,24,23,4,0,0.585366,24,1,1,0,0,1,17,34,2,2,1,1,3,0,3,0,8,4,0,6,0,17,34,2,2,1,1,3,0,3,0,8,4,0,6,0,false
0,0,0,0,0,0,0,0,1,1,1,5,2,9,14,3,7,0.8,0.57971,40,40,4,1,0.57971,40,1,1,1,2,1,29,71,8,3,7,2,4,6,4,0,9,7,6,7,0,29,71,8,3,7,2,4,6,4,0,9,7,6,7,0,false
0,0,0,0,0,0,0,0,1,0,0,4,2,1,1,2,6,1,0.565217,26,26,5,0,0.565217,26,1,1,0,0,1,20,38,2,2,1,1,4,0,4,0,9,4,0,7,0,20,38,2,2,1,1,4,0,4,0,9,4,0,7,0,false
0,0,0,0,0,0,0,0,0,0,0,1,2,1,1,1,2,1,0.611111,11,11,2,0,0.611111,11,1,1,0,0,1,7,11,1,1,0,0,1,0,1,0,6,1,0,4,0,7,11,1,1,0,0,1,0,1,0,6,1,0,4,0,false
0,0,0,0,0,0,0,0,0,0,0,1,2,1,1,1,2,1,0.631579,12,12,2,0,0.631579,12,1,1,0,0,1,7,11,1,1,0,0,1,0,1,0,6,1,0,4,0,7,11,1,1,0,0,1,0,1,0,6,1,0,4,0,false
0,0,0,0,0,0,0,0,1,1,1,6,2,7,8,3,8,1,0.634409,59,58,6,0,0.634409,59,1,1,0,0,1,34,92,7,3,6,2,5,4,5,0,10,9,4,8,0,34,92,7,3,6,2,5,4,5,0,10,9,4,8,0,false
0,0,0,0,0,0,0,0,0,0,0,3,3,4,8,2,5,0.333333,0.583333,21,21,1,2,0.583333,21,2,2,1,1,1,15,18,8,3,0,0,3,0,2,0,12,3,6,9,0,15,18,8,3,0,0,3,0,2,0,12,3,6,9,0,false
0,0,0,0,0,0,0,0,0,0,0,1,2,16,4,1,2,1,0.631579,12,12,2,0,0.631579,12,1,1,0,0,1,7,11,1,1,0,0,1,0,1,0,6,1,0,4,0,7,11,1,1,0,0,1,0,1,0,6,1,0,4,0,false
0,0,0,0,0,0,0,0,0,0,0,2,3,1,2,1,3,0.666667,0.517241,15,15,2,1,0.454545,15,1,1,0,0,1,14,24,2,2,1,1,2,0,2,0,7,4,0,5,0,18,28,4,2,3,1,2,2,2,0,7,4,2,5,0,false
0,0,0,0,0,0,0,0,1,0,0,4,4,2,2,4,8,0.4,0.34375,11,11,2,3,0.34375,11,1,1,0,0,1,21,29,2,3,1,2,4,0,4,0,9,5,0,7,0,21,29,2,3,1,2,4,0,4,0,9,5,0,7,0,false
0,0,0,0,0,0,0,0,0,0,0,1,2,3,11,1,2,1,0.611111,11,11,2,0,0.611111,11,1,1,0,0,1,7,11,1,1,0,0,1,0,1,0,6,1,0,4,0,7,11,1,1,0,0,1,0,1,0,6,1,0,4,0,false
0,0,0,0,0,0,0,0,1,0,0,4,2,1,1,2,6,0.8,0.410256,16,16,4,1,0.410256,16,1,1,0,0,1,23,39,3,3,2,2,4,0,4,0,9,6,0,7,0,23,39,3,3,2,2,4,0,4,0,9,6,0,7,0,false
0,0,0,0,0,0,0,0,1,1,1,4,1,4,3,2,5,0.75,0.441176,15,15,3,1,0.441176,15,1,1,0,0,1,19,32,2,2,1,1,3,0,3,0,8,6,0,6,0,19,32,2,2,1,1,3,0,3,0,8,6,0,6,0,false
0,0,0,0,0,0,0,0,1,1,1,5,2,9,10,3,7,1,0.608696,42,41,5,0,0.608696,42,1,1,0,0,1,27,68,6,3,5,2,4,4,4,0,9,7,4,7,0,27,68,6,3,5,2,4,4,4,0,9,7,4,7,0,false
0.036042,3,12,3,0.056277,0.067039,26,24,1,3,3,15,15,4,3,24,30,1,0.130952,22,21,2,0,0.142529,62,2,2,0,0,1,146,196,12,2,8,0,6,0,1,0,23,100,0,15,0,373,462,17,7,13,5,25,0,13,1,42,182,0,27,1,false
0.086957,6,6,6,0.063745,0.067416,16,12,1,3,3,17,10,1,1,22,27,1,0.198198,44,16,2,0,0.193833,44,2,2,0,0,1,178,246,21,2,17,0,5,1,1,0,22,101,1,15,0,183,251,21,2,17,0,6,1,2,0,23,102,1,16,0,false
0.150106,3,12,3,0.191919,0.226667,38,34,2,1,1,22,2,3,5,6,19,1,0.202797,29,28,10,0,0.189744,37,0,0,0,0,0,114,148,1,5,1,5,13,0,9,1,13,48,0,9,1,158,198,3,6,3,6,16,0,10,1,16,61,0,10,1,false
0.327787,4,4,4,0.147239,0.183206,24,24,1,0,0,6,9,3,2,8,13,1,0.204301,19,19,2,0,0.166667,27,2,2,0,0,1,74,101,10,2,6,0,5,0,1,1,22,48,0,15,1,135,163,10,2,6,0,8,0,4,1,25,76,0,18,1,false
0.616896,4,9,9,0.529412,0.542056,72,58,1,5,1,8,2,0,0,7,10,1,0.18797,25,13,4,0,0.18797,25,2,2,0,0,1,108,136,14,2,10,0,3,0,3,0,20,53,0,17,0,108,136,14,2,10,0,3,0,3,0,20,53,0,17,0,false
0.058083,1,1,1,0.040678,0.053571,12,12,1,3,2,24,12,2,1,26,29,0,0.133333,32,3,0,2,0.13806,37,2,2,0,0,1,208,271,17,2,13,0,3,0,1,0,20,121,0,15,0,231,295,17,2,13,0,4,0,2,0,21,130,0,16,0,false
0,0,0,0,0,0,0,0,1,0,0,3,2,0,0,3,6,0.5,0.5,15,15,1,1,0.5,15,3,3,0,0,1,15,29,13,3,0,1,3,0,1,0,26,3,0,15,0,15,29,13,3,0,1,3,0,1,0,26,3,0,15,0,false
0,0,0,0,0,0,0,0,1,0,0,6,4,3,0,8,14,1,0.137255,14,14,4,0,0.130435,18,2,2,0,0,1,88,109,14,2,10,0,6,2,3,0,23,47,2,17,0,120,142,14,3,10,1,10,2,6,0,27,53,2,20,0,false
0.031573,1,1,1,0.02445,0.021739,10,7,1,1,1,11,9,1,1,18,24,1,0.101449,21,19,2,0,0.110811,41,2,2,0,0,1,186,242,25,2,21,0,6,0,1,0,23,116,0,15,0,329,409,41,2,37,0,11,0,2,0,28,191,0,16,0,false
0,0,0,0,0,0,0,0,1,2,2,8,10,2,0,18,21,1,0.196581,23,16,2,0,0.181818,30,2,2,0,0,1,94,128,11,2,7,0,3,0,1,0,20,55,0,15,0,135,169,11,2,7,0,5,0,3,0,22,71,0,17,0,false
0,0,0,0,0,0,0,0,1,0,0,3,3,1,0,7,10,1,0.217949,17,8,4,0,0.212766,20,2,2,0,0,1,61,87,13,2,9,0,3,0,3,0,20,32,0,17,0,74,100,13,2,9,0,4,0,4,0,21,39,0,18,0,false
0.195509,10,10,10,0.168182,0.150602,37,25,1,3,2,17,4,4,0,12,15,1,0.161616,32,19,2,0,0.156863,32,2,2,0,0,1,166,214,20,2,16,0,3,5,1,0,20,84,5,15,0,172,220,20,2,16,0,4,5,2,0,21,86,5,16,0,false
0,0,0,0,0,0,0,0,3,0,0,8,7,4,4,12,20,1,0.204545,18,16,6,0,0.204545,18,2,2,0,0,1,70,90,11,2,0,1,8,0,5,0,28,37,0,17,1,70,90,11,2,0,1,8,0,5,0,28,37,0,17,1,false
0.195312,7,8,8,0.18984,0.162362,71,44,1,2,2,15,8,2,3,24,34,0.888889,0.229102,74,21,8,1,0.213873,74,2,2,0,0,1,249,351,31,5,27,3,10,0,8,1,27,112,0,22,1,272,374,31,5,27,3,12,0,10,1,29,121,0,24,1,false
0,0,0,0,0,0,0,0,3,0,0,3,2,1,2,3,6,0,0,0,0,0,4,0,0,0,0,0,0,0,17,21,1,0,1,0,3,0,3,0,3,4,0,3,0,17,21,1,0,1,0,3,0,3,0,3,4,0,3,0,false
0.138122,1,1,1,0.12605,0.11236,15,10,1,3,3,9,2,0,0,7,10,1,0.166667,18,9,3,0,0.166667,18,2,2,0,0,1,90,119,11,2,7,0,3,0,2,0,20,48,0,16,0,90,119,11,2,7,0,3,0,2,0,20,48,0,16,0,false
0,0,0,0,0,0,0,0,1,2,2,15,9,3,0,16,20,1,0.148387,23,17,2,0,0.151815,46,2,2,0,0,1,132,191,14,2,10,0,4,0,1,0,21,84,0,15,0,257,334,17,5,12,3,16,0,9,1,39,134,0,29,7,false
0,0,0,0,0,0,0,0,1,4,4,13,8,2,1,17,23,1,0.185567,18,14,5,0,0.196262,21,2,2,0,0,1,79,105,12,2,1,1,6,0,4,0,26,32,0,16,1,86,112,16,4,1,1,7,0,5,0,44,33,0,31,1,false
0.285714,1,2,2,0.212766,0.242424,20,16,1,0,0,3,3,0,0,12,15,1,0.211765,18,8,2,0,0.211765,18,2,2,0,0,1,67,94,13,2,9,0,3,0,1,0,20,39,0,15,0,67,94,13,2,9,0,3,0,1,0,20,39,0,15,0,false
0.372881,6,7,7,0.346667,0.304348,52,35,1,3,3,8,5,1,0,12,15,1,0.181102,23,14,2,0,0.181818,26,2,2,0,0,1,104,137,15,2,11,0,3,0,1,0,20,54,0,15,0,117,150,15,2,11,0,4,0,2,0,21,57,0,16,0,false
0.023328,1,1,1,0.041063,0.045045,17,15,1,3,3,19,17,5,5,20,28,1,0.14557,23,22,2,0,0.096859,37,2,2,0,0,1,135,181,10,2,6,0,8,0,1,1,25,82,0,15,1,345,414,18,16,9,6,30,0,21,2,66,156,0,50,6,false
0.299547,8,13,9,0.191304,0.225714,88,79,2,2,2,9,7,2,2,17,21,1,0.178218,36,16,2,0,0.143541,60,2,2,0,0,1,166,236,22,2,18,0,4,0,1,0,21,104,0,15,0,358,460,33,4,27,1,12,0,7,0,34,220,0,25,1,false
0.085008,3,12,3,0.100775,0.125,26,24,1,0,0,5,4,3,0,4,9,1,0.31746,20,19,2,0,0.208661,53,2,2,0,0,1,43,68,7,2,3,0,5,1,1,0,22,20,1,15,0,201,258,11,7,7,5,18,1,10,1,35,81,1,24,1,false
0.482245,14,17,17,0.429245,0.427711,91,71,1,0,0,4,5,1,0,22,25,1,0.148936,28,13,4,0,0.14359,28,2,2,0,0,1,160,205,26,2,22,0,3,0,3,0,20,75,0,17,0,167,212,26,2,22,0,4,0,4,0,21,78,0,18,0,false
0.250578,4,7,5,0.189189,0.20438,63,56,2,5,5,25,15,2,2,17,23,1,0.068182,18,16,5,0,0.071895,22,1,1,0,0,1,246,293,14,2,12,1,6,0,4,0,11,158,0,8,1,284,333,14,2,12,1,7,0,5,0,12,180,0,9,1,false
0.401521,8,15,9,0.291667,0.316327,112,93,1,5,5,17,10,3,2,12,17,1,0.150602,25,19,2,0,0.134831,48,2,2,0,0,1,141,196,14,2,10,0,5,0,1,0,22,95,0,15,0,308,384,20,4,16,2,15,0,9,0,32,172,0,23,0,false
0.341189,11,29,21,0.331897,0.33871,77,63,1,1,1,8,7,2,0,12,15,0.5,0.08982,15,7,1,1,0.086957,18,2,2,0,0,1,152,195,23,2,19,0,3,0,1,0,20,82,0,15,0,189,232,23,2,19,0,5,0,3,0,22,103,0,17,0,false
0,0,0,0,0,0,0,0,2,2,2,24,4,2,4,5,16,1,0.14966,22,21,11,0,0.148352,27,0,0,0,0,0,125,152,5,6,5,6,11,0,10,1,11,58,0,10,1,155,186,8,6,8,6,14,0,11,1,14,69,0,11,1,false
0.057481,2,2,2,0.022852,0.025229,25,22,2,2,2,10,23,15,7,27,32,1,0.161491,26,23,3,0,0.111111,113,1,1,0,0,1,135,218,10,0,10,0,5,0,2,0,5,89,0,2,0,904,1094,46,9,44,9,54,5,35,3,68,472,5,49,7,false
0.072367,3,8,4,0.039526,0.04339,50,43,1,4,4,12,24,17,6,27,31,1,0.14881,25,23,3,0,0.131933,157,0,0,0,0,0,143,240,9,1,9,1,4,0,2,0,4,96,0,2,0,1033,1265,39,8,37,8,50,7,31,2,64,525,7,45,6,false
0,0,0,0,0,0,0,0,1,1,1,8,8,3,3,8,13,1,0.242991,26,26,2,0,0.242857,34,0,0,0,0,0,81,122,2,0,2,0,5,2,1,0,5,45,2,1,0,106,149,8,0,8,0,7,8,3,0,7,52,8,3,0,false
0.074434,2,4,2,0.09322,0.123596,11,11,2,4,1,18,5,1,1,4,14,1,0.189189,21,20,7,0,0.189189,21,0,0,0,0,0,90,118,9,0,9,0,10,0,6,0,10,37,0,6,0,90,118,9,0,9,0,10,0,6,0,10,37,0,6,0,false
0,0,0,0,0,0,0,0,0,3,3,5,2,2,2,1,3,1,0.181818,10,9,1,0,0.181818,10,0,0,0,0,0,45,53,3,0,3,0,2,0,0,1,2,24,0,0,1,45,53,3,0,3,0,2,0,0,1,2,24,0,0,1,false
0,0,0,0,0,0,0,0,1,4,4,29,10,5,4,12,20,1,0.160976,33,30,1,0,0.173116,85,0,0,0,0,0,172,217,9,1,9,1,8,2,0,0,8,100,2,0,0,406,524,30,4,30,4,24,2,4,0,24,191,2,4,0,false
0.029639,2,4,2,0.045455,0.055276,11,11,2,11,2,40,7,1,1,6,17,1,0.134199,31,29,8,0,0.134199,31,0,0,0,0,0,200,242,23,0,23,0,11,0,7,0,11,112,0,7,0,200,242,23,0,23,0,11,0,7,0,11,112,0,7,0,false
0,0,0,0,0,0,0,0,1,3,3,25,14,17,11,15,27,1,0.226804,44,42,8,0,0.171053,52,1,1,0,0,1,150,219,13,2,13,2,12,1,7,0,12,71,1,7,0,252,325,14,2,13,2,17,1,12,0,23,110,1,18,6,false
0,0,0,0,0,0,0,0,1,2,2,9,7,10,3,4,10,1,0.333333,38,38,7,0,0.25,46,1,1,0,0,1,76,135,7,0,7,0,6,0,6,4,6,33,0,6,4,138,201,8,0,8,0,15,0,14,4,15,51,0,14,4,false
0,0,0,0,0,0,0,0,1,2,2,23,8,11,8,12,22,1,0.24031,31,28,2,0,0.182927,75,0,0,0,0,0,98,141,3,3,3,3,10,0,1,0,10,54,0,1,0,335,442,9,7,9,5,25,0,12,0,31,156,0,18,0,false
0,0,0,0,0,0,0,0,1,3,3,36,13,3,2,21,27,1,0.104918,32,20,3,0,0.120846,40,0,0,0,0,0,273,351,23,0,23,0,6,0,2,0,6,144,0,2,0,291,373,24,0,24,0,9,0,4,0,9,148,0,4,0,false
0,0,0,0,0,0,0,0,1,1,1,8,4,0,0,9,13,1,0.16,12,10,4,0,0.16,12,0,0,0,0,0,63,82,2,2,2,2,4,0,3,0,4,41,0,3,0,63,82,2,2,2,2,4,0,3,0,4,41,0,3,0,false
0,0,0,0,0,0,0,0,1,5,3,21,6,0,0,9,14,1,0.13986,20,12,4,0,0.13986,20,0,0,0,0,0,123,158,2,2,2,2,5,0,3,0,5,67,0,3,0,123,158,2,2,2,2,5,0,3,0,5,67,0,3,0,false
0,0,0,0,0,0,0,0,1,0,0,1,1,0,0,2,3,0.5,0.6,15,15,1,1,0.6,15,0,0,0,0,0,10,11,0,0,0,0,1,0,1,0,1,3,0,1,0,10,11,0,0,0,0,1,0,1,0,1,3,0,1,0,false
0,0,0,0,0,0,0,0,1,6,4,20,4,1,1,5,9,0.2,0.021978,2,2,1,4,0.021978,2,0,0,0,0,0,89,100,3,2,3,2,4,0,4,0,4,45,0,4,0,89,100,3,2,3,2,4,0,4,0,4,45,0,4,0,false
0,0,0,0,0,0,0,0,1,2,2,7,5,2,3,6,10,1,0.408451,29,28,4,0,0.408451,29,2,2,0,0,1,42,68,2,7,1,2,4,0,3,0,10,17,0,9,0,42,68,2,7,1,2,4,0,3,0,10,17,0,9,0,false
0,0,0,0,0,0,0,0,1,3,3,32,2,1,1,1,8,1,0.435798,112,74,5,0,0.435798,112,1,1,0,0,1,145,284,8,1,7,1,7,0,4,0,8,78,0,5,0,145,284,8,1,7,1,7,0,4,0,8,78,0,5,0,false
0,0,0,0,0,0,0,0,1,3,3,23,6,3,4,5,12,1,0.235294,24,22,7,0,0.235294,24,1,1,2,2,1,78,106,1,5,1,5,7,0,6,0,7,39,0,6,0,78,106,1,5,1,5,7,0,6,0,7,39,0,6,0,false
0,0,0,0,0,0,0,0,0,1,1,6,3,4,0,2,7,1,0.365854,15,14,6,0,0.365854,15,1,1,0,0,1,26,35,0,5,0,5,5,0,5,0,5,7,0,5,0,26,35,0,5,0,5,5,0,5,0,5,7,0,5,0,false
0,0,0,0,0,0,0,0,1,2,2,13,6,5,6,9,18,1,0.269231,35,34,9,0,0.259259,35,2,2,0,0,1,95,130,6,8,5,3,9,0,8,3,15,34,0,14,3,100,135,6,8,5,3,10,0,9,3,16,35,0,15,3,false
0,0,0,0,0,0,0,0,1,1,1,10,6,6,3,4,11,1,0.355263,27,27,8,0,0.355263,27,1,1,0,0,1,49,77,4,2,4,2,7,2,7,1,7,16,2,7,1,49,77,4,2,4,2,7,2,7,1,7,16,2,7,1,false
0,0,0,0,0,0,0,0,1,1,1,4,0,4,2,0,3,0,0,0,0,0,4,0,0,0,0,0,0,0,27,31,3,1,3,1,3,0,3,0,3,7,0,3,0,27,31,3,1,3,1,3,0,3,0,3,7,0,3,0,false
0,0,0,0,0,0,0,0,0,0,0,2,3,3,1,0,2,0.333333,0.375,3,3,1,2,0.375,3,0,0,2,2,0,5,6,0,1,0,1,2,0,2,0,2,0,0,2,0,5,6,0,1,0,1,2,0,2,0,2,0,0,2,0,false
0,0,0,0,0,0,0,0,3,5,4,30,3,7,6,1,11,1,0.145946,27,24,11,0,0.145946,27,0,0,0,0,0,158,193,4,2,4,2,10,0,10,1,10,103,0,10,1,158,193,4,2,4,2,10,0,10,1,10,103,0,10,1,false
0,0,0,0,0,0,0,0,1,5,5,28,22,4,1,43,48,1,0.104545,23,18,2,0,0.097458,23,2,2,0,0,1,197,244,8,0,7,0,5,0,1,0,11,105,0,7,6,213,260,8,0,7,0,8,0,4,0,14,109,0,10,6,false
0,0,0,0,0,0,0,0,1,1,1,20,11,9,6,12,22,1,0.271318,35,34,6,0,0.252809,45,1,1,0,0,1,94,134,6,2,6,2,10,6,5,0,10,43,6,5,0,133,182,11,2,11,2,14,11,6,0,14,60,11,6,0,false
0.039191,1,2,2,0.02214,0.025852,24,22,1,3,2,48,29,22,16,28,50,1,0.197772,71,61,15,0,0.132353,135,1,2,0,0,2,288,431,16,2,16,2,22,6,14,1,22,151,6,14,1,885,1084,26,3,26,3,61,6,41,1,63,431,6,43,1,false
0,0,0,0,0,0,0,0,0,0,0,1,0,4,1,0,1,0.5,0.666667,6,6,1,1,0.666667,6,0,0,3,5,0,3,3,0,0,0,0,1,0,1,0,1,0,0,1,0,3,3,0,0,0,0,1,0,1,0,1,0,0,1,0,false
0,0,0,0,0,0,0,0,1,4,4,34,3,1,1,2,7,1,0.421053,80,49,5,0,0.421053,80,1,1,0,0,1,110,196,4,1,3,1,5,0,4,0,6,58,0,5,0,110,196,4,1,3,1,5,0,4,0,6,58,0,5,0,false
0.047973,3,12,4,0.045767,0.046005,60,38,2,7,5,163,36,15,25,85,127,1,0.296721,362,307,32,0,0.296721,362,0,0,0,0,0,858,1311,11,11,11,11,42,0,31,9,42,440,0,31,9,858,1311,11,11,11,11,42,0,31,9,42,440,0,31,9,false
0.073316,1,4,2,0.052995,0.063694,23,20,1,5,4,26,18,6,10,30,39,1,0.198444,51,26,6,0,0.201946,83,0,0,0,0,0,206,292,15,1,15,1,9,0,5,2,9,112,0,5,2,328,434,15,1,15,1,16,0,12,2,16,159,0,12,2,false
0.141805,7,20,20,0.088889,0.096561,92,73,1,7,4,67,29,9,11,62,80,1,0.13807,103,76,8,0,0.141603,129,1,2,0,0,2,643,877,34,2,32,1,18,3,7,1,23,416,3,11,2,782,1035,34,2,32,1,26,3,13,1,31,469,3,17,2,false
0,0,0,0,0,0,0,0,0,0,0,5,1,8,4,0,5,1,0.75,24,24,6,0,0.75,24,0,0,2,4,0,8,31,0,5,0,5,5,0,5,0,5,0,0,5,0,8,31,0,5,0,5,5,0,5,0,5,0,0,5,0,false
0,0,0,0,0,0,0,0,0,0,0,2,1,6,6,0,2,0.666667,0.677419,21,21,2,1,0.589744,23,0,0,2,2,0,10,30,1,0,1,0,2,0,2,0,2,1,0,2,0,16,36,4,0,4,0,2,3,2,0,2,1,3,2,0,false
0,0,0,0,0,0,0,0,1,5,4,48,4,7,10,4,14,1,0.277027,82,68,11,0,0.277027,82,1,1,0,0,1,214,324,37,1,10,1,10,8,10,0,14,98,35,14,0,214,324,37,1,10,1,10,8,10,0,14,98,35,14,0,false
0,0,0,0,0,0,0,0,1,2,2,12,5,7,9,2,10,1,0.504505,56,54,6,0,0.504505,56,1,1,2,2,1,55,107,3,3,3,3,8,0,5,1,8,17,0,5,1,55,107,3,3,3,3,8,0,5,1,8,17,0,5,1,false
0,0,0,0,0,0,0,0,1,5,5,29,7,2,2,7,14,1,0.26943,52,48,4,0,0.26943,52,2,2,0,0,1,141,212,14,4,11,1,7,1,3,0,15,68,1,8,1,141,212,14,4,11,1,7,1,3,0,15,68,1,8,1,false
0,0,0,0,0,0,0,0,1,0,0,2,3,1,0,0,2,1,0.785714,33,31,3,0,0.785714,33,1,1,0,0,1,9,35,1,0,1,0,2,1,2,1,2,0,1,2,1,9,35,1,0,1,0,2,1,2,1,2,0,1,2,1,false
0,0,0,0,0,0,0,0,1,4,4,24,3,5,8,2,14,1,0.431472,85,83,11,0,0.41784,89,0,0,0,0,0,112,198,4,5,4,5,12,0,10,1,12,54,0,10,1,124,211,7,5,7,5,13,3,10,1,13,57,3,10,1,false
0.097686,1,3,1,0.060606,0.089286,10,10,2,2,2,17,4,10,15,9,17,1,0.324324,48,45,8,0,0.294479,48,0,0,1,1,0,100,149,2,3,2,3,8,1,7,0,8,49,1,7,0,115,165,12,6,2,4,10,1,9,0,24,54,1,16,0,false
0.2864,3,20,6,0.234332,0.294118,86,80,1,2,2,49,2,5,2,2,19,1,0.205797,71,70,16,0,0.205797,71,0,0,0,0,0,274,367,31,0,31,0,17,31,15,0,17,98,31,15,0,274,367,31,0,31,0,17,31,15,0,17,98,31,15,0,false
0,0,0,0,0,0,0,0,2,3,3,56,2,12,25,3,34,1,0.289326,103,99,32,0,0.289326,103,0,0,0,0,0,253,362,17,16,17,16,31,0,31,9,31,90,0,31,9,253,362,17,16,17,16,31,0,31,9,31,90,0,31,9,false
0,0,0,0,0,0,0,0,0,0,0,4,0,20,14,0,4,1,0.563636,31,30,5,0,0.563636,31,0,0,0,0,0,24,49,3,3,3,3,4,0,4,0,4,6,0,4,0,24,49,3,3,3,3,4,0,4,0,4,6,0,4,0,false
0,0,0,0,0,0,0,0,1,2,2,5,0,2,2,0,1,1,0.414634,17,16,2,0,0.414634,17,0,0,0,0,0,24,34,0,0,0,0,1,0,1,0,1,17,0,1,0,24,34,0,0,0,0,1,0,1,0,1,17,0,1,0,false
0,0,0,0,0,0,0,0,3,1,1,6,1,21,9,0,4,1,0.407692,53,52,5,0,0.407692,53,0,0,1,1,0,77,133,27,0,27,0,4,27,4,0,4,10,27,4,0,77,133,27,0,27,0,4,27,4,0,4,10,27,4,0,false
0,0,0,0,0,0,0,0,0,0,0,2,2,7,6,0,2,1,0.8,24,24,3,0,0.8,24,0,0,5,7,0,6,24,0,0,0,0,2,0,2,1,2,0,0,2,1,6,24,0,0,0,0,2,0,2,1,2,0,0,2,1,false
0,0,0,0,0,0,0,0,1,7,6,115,9,15,8,24,38,1,0.186441,132,59,7,0,0.199519,166,0,0,0,0,0,576,767,12,3,12,3,14,0,6,0,14,280,0,6,0,666,891,18,3,18,3,22,5,13,1,22,326,5,13,1,false
0.085801,2,12,5,0.083102,0.095986,60,55,2,16,4,73,10,5,2,41,57,1,0.210744,102,72,10,0,0.162625,114,0,0,2,2,0,382,493,10,3,10,3,16,0,9,0,16,147,0,9,0,587,722,35,3,35,3,18,25,11,1,18,246,25,11,1,false
0,0,0,0,0,0,0,0,1,4,4,14,5,5,4,3,9,1,0.516129,64,39,2,0,0.516129,64,0,0,2,2,0,60,123,6,0,6,0,6,0,1,0,6,22,0,1,0,60,123,6,0,6,0,6,0,1,0,6,22,0,1,0,false
0,0,0,0,0,0,0,0,1,2,2,11,0,4,9,0,8,0.111111,0.132075,7,7,1,8,0.132075,7,0,0,0,0,0,46,59,5,0,5,0,8,4,8,0,8,12,4,8,0,46,59,5,0,5,0,8,4,8,0,8,12,4,8,0,false
0,0,0,0,0,0,0,0,1,4,4,64,12,1,2,39,51,1,0.241117,95,61,9,0,0.241117,95,1,1,0,0,1,299,414,7,1,7,1,12,0,8,0,12,129,0,8,0,299,414,7,1,7,1,12,0,8,0,12,129,0,8,0,false
0.051976,1,4,2,0.048162,0.067797,38,32,1,7,6,102,12,9,43,17,44,1,0.322767,224,182,1,0,0.337856,249,0,0,0,0,0,470,754,9,13,9,13,27,0,0,1,27,259,0,0,1,488,789,17,13,17,13,28,0,1,1,28,260,0,1,1,false
0,0,0,0,0,0,0,0,1,0,0,1,1,0,0,0,1,0,0,0,0,0,1,0,0,2,2,0,0,1,8,9,0,0,0,0,1,0,0,0,4,1,0,3,0,8,9,0,0,0,0,1,0,0,0,4,1,0,3,0,false
0,0,0,0,0,0,0,0,1,4,4,143,12,13,61,53,85,1,0.255181,197,162,16,0,0.255181,197,0,0,0,0,0,575,829,10,8,10,8,32,0,15,3,32,311,0,15,3,575,829,10,8,10,8,32,0,15,3,32,311,0,15,3,false
0,0,0,0,0,0,0,0,1,3,3,18,6,2,13,7,13,1,0.203008,27,25,1,0,0.216216,32,0,0,0,0,0,106,141,1,2,1,2,6,0,0,0,6,52,0,0,0,116,152,3,2,3,2,7,0,0,0,7,54,0,0,0,false
0.101237,1,8,2,0.084592,0.08,28,20,1,3,3,54,6,4,4,12,21,1,0.136213,41,28,4,0,0.136213,41,1,1,0,0,1,260,331,7,0,1,0,9,0,3,0,13,144,0,2,0,260,331,7,0,1,0,9,0,3,0,13,144,0,2,0,false
0,0,0,0,0,0,0,0,0,0,0,3,2,5,1,0,3,1,0.808511,38,38,4,0,0.808511,38,0,0,2,4,0,9,43,0,0,0,0,3,0,3,0,3,0,0,3,0,9,43,0,0,0,0,3,0,3,0,3,0,0,3,0,false
0,0,0,0,0,0,0,0,1,8,3,108,18,9,16,29,76,0.97619,0.333333,255,242,41,1,0.269268,276,0,0,0,0,0,510,806,36,12,36,12,47,6,41,21,47,238,6,41,21,749,1077,43,13,43,13,56,6,49,21,64,347,6,57,21,false
0,0,0,0,0,0,0,0,0,0,0,1,0,4,1,0,1,0,0,0,0,0,2,0,0,0,0,1,1,0,3,3,0,0,0,0,1,0,1,0,1,0,0,1,0,3,3,0,0,0,0,1,0,1,0,1,0,0,1,0,false
0,0,0,0,0,0,0,0,1,3,3,33,5,1,1,21,33,0.333333,0.16309,38,19,4,8,0.16309,38,1,1,0,0,1,195,243,5,8,5,7,12,0,11,0,16,103,0,15,0,195,243,5,8,5,7,12,0,11,0,16,103,0,15,0,false
0,0,0,0,0,0,0,0,0,0,0,1,5,1,1,9,10,1,0.454545,10,9,2,0,0.454545,10,1,1,0,0,1,12,16,63,50,0,0,1,0,1,0,256,6,3,219,29,12,16,63,50,0,0,1,0,1,0,256,6,3,219,29,false
0.246068,3,20,5,0.160878,0.235294,88,76,5,3,3,74,19,35,9,58,88,1,0.376923,196,191,30,0,0.373333,196,1,1,0,0,1,324,542,67,59,4,9,30,3,29,2,285,147,6,247,31,329,547,67,59,4,9,31,3,30,2,286,148,6,248,31,false
0,0,0,0,0,0,0,0,0,1,1,3,3,1,1,2,4,0.5,0.137931,4,4,1,1,0.137931,4,1,1,0,0,1,25,30,2,1,2,1,2,0,1,0,2,6,0,1,0,25,30,2,1,2,1,2,0,1,0,2,6,0,1,0,false
0,0,0,0,0,0,0,0,0,0,0,1,0,3,1,0,1,0.5,0.5,4,4,1,1,0.5,4,0,0,1,1,0,4,4,0,1,0,1,1,0,1,0,1,0,0,1,0,4,4,0,1,0,1,1,0,1,0,1,0,0,1,0,false
0.339492,2,9,2,0.371429,0.380952,52,40,1,3,2,29,13,1,1,39,42,1,0.141732,18,11,4,0,0.141732,18,1,1,0,0,1,109,140,11,0,1,0,3,0,3,0,18,58,0,10,0,109,140,11,0,1,0,3,0,3,0,18,58,0,10,0,false
0,0,0,0,0,0,0,0,1,4,4,76,2,2,14,1,18,1,0.20595,90,63,1,0,0.20595,90,0,0,0,0,0,347,444,3,0,3,0,17,0,0,0,17,172,0,0,0,347,444,3,0,3,0,17,0,0,0,17,172,0,0,0,false
0,0,0,0,0,0,0,0,1,2,2,17,3,3,9,3,11,1,0.362832,41,39,3,0,0.362832,41,0,0,0,0,0,72,112,4,1,4,1,8,0,2,1,8,33,0,2,1,72,112,4,1,4,1,8,0,2,1,8,33,0,2,1,false
0.478689,2,10,3,0.364162,0.401408,63,57,1,5,1,21,0,1,0,0,6,1,0.09375,15,13,6,0,0.09375,15,0,0,0,0,0,145,173,10,1,10,1,6,5,5,0,6,79,5,5,0,145,173,10,1,10,1,6,5,5,0,6,79,5,5,0,false
0,0,0,0,0,0,0,0,2,1,1,5,6,2,2,7,10,1,0.205882,7,6,3,0,0.205882,7,1,1,0,0,1,27,33,6,0,0,0,3,0,2,0,7,10,0,1,0,27,33,6,0,0,0,3,0,2,0,7,10,0,1,0,false
0,0,0,0,0,0,0,0,0,0,0,2,1,2,1,0,2,0.333333,0.583333,7,7,1,2,0.583333,7,0,0,1,1,0,5,5,0,0,0,0,2,0,2,0,2,0,0,2,0,5,5,0,0,0,0,2,0,2,0,2,0,0,2,0,false
0.168571,3,26,7,0.116992,0.156576,84,75,2,1,1,21,1,28,41,0,16,1,0.582353,99,99,10,0,0.277778,190,0,0,2,2,0,71,174,4,7,4,7,16,0,9,1,16,15,0,9,1,494,718,6,24,6,16,39,0,23,3,59,222,0,37,3,false
0,0,0,0,0,0,0,0,1,5,3,62,6,4,20,22,36,1,0.259668,94,92,2,0,0.259668,94,0,0,0,0,0,268,397,2,5,2,5,14,0,1,2,14,155,0,1,2,268,397,2,5,2,5,14,0,1,2,14,155,0,1,2,false
0,0,0,0,0,0,0,0,3,2,2,9,3,2,0,3,7,1,0.203704,11,10,4,0,0.203704,11,1,1,2,2,1,43,51,0,0,0,0,4,0,3,0,4,23,0,3,0,43,51,0,0,0,0,4,0,3,0,4,23,0,3,0,false
0,0,0,0,0,0,0,0,1,0,0,1,1,0,0,0,1,1,0.2,2,1,1,0,0.2,2,2,2,0,0,1,8,9,0,0,0,0,1,0,0,0,4,1,0,3,0,8,9,0,0,0,0,1,0,0,0,4,1,0,3,0,false
0.216216,6,17,12,0.148021,0.210127,86,83,1,3,2,49,26,0,0,77,97,1,0.331471,178,171,8,0,0.312925,184,1,1,0,0,1,359,531,64,59,1,9,20,0,7,0,275,184,3,225,29,404,581,71,69,3,13,27,0,11,0,297,193,3,243,29,false
0,0,0,0,0,0,0,0,0,0,0,3,1,2,3,0,3,0.25,0.4,6,6,1,3,0.4,6,0,0,1,1,0,9,12,3,0,3,0,3,3,3,0,3,0,3,3,0,9,12,3,0,3,0,3,3,3,0,3,0,3,3,0,false
0,0,0,0,0,0,0,0,0,0,0,2,2,6,2,0,2,1,0.821429,23,23,3,0,0.198925,37,0,0,1,1,0,5,33,0,1,0,1,2,0,2,0,2,0,0,2,0,149,201,6,4,6,3,11,5,8,0,15,54,5,12,0,false
0.109325,15,100,28,0.073785,0.101524,463,393,8,6,5,870,47,83,215,141,396,1,0.315499,1775,1672,219,0,0.310581,1811,0,0,3,3,0,3851,6082,63,50,63,50,255,3,218,29,255,2018,3,218,29,4020,6275,81,60,66,53,266,3,226,29,298,2072,4,251,32,false
0,0,0,0,0,0,0,0,1,0,0,2,0,1,0,0,2,0.666667,0.16,4,3,2,1,0.16,4,0,0,0,0,0,21,28,0,1,0,1,2,0,2,0,2,11,0,2,0,21,28,0,1,0,1,2,0,2,0,2,11,0,2,0,false
0,0,0,0,0,0,0,0,1,1,1,8,4,1,1,9,14,1,0.26087,18,14,5,0,0.26087,18,0,0,0,0,0,51,64,3,0,3,0,5,0,4,0,5,18,0,4,0,51,64,3,0,3,0,5,0,4,0,5,18,0,4,0,false
0,0,0,0,0,0,0,0,0,0,0,1,0,2,2,0,1,0.5,0.5,7,7,1,1,0.5,7,0,0,0,0,0,7,7,0,0,0,0,1,0,1,0,1,1,0,1,0,7,7,0,0,0,0,1,0,1,0,1,1,0,1,0,false
0,0,0,0,0,0,0,0,1,2,2,6,0,12,2,0,4,1,0.728155,75,72,5,0,0.728155,75,0,0,8,8,0,28,89,0,1,0,1,4,0,4,0,4,9,0,4,0,28,89,0,1,0,1,4,0,4,0,4,9,0,4,0,false
0.126112,3,15,4,0.130973,0.140515,74,60,1,3,3,111,12,5,9,56,71,1,0.133333,68,54,8,0,0.133333,68,0,0,1,1,0,442,565,10,0,10,0,15,0,7,0,15,225,0,7,0,442,565,10,0,10,0,15,0,7,0,15,225,0,7,0,false
0,0,0,0,0,0,0,0,2,3,2,79,16,21,43,20,74,1,0.504056,435,426,53,0,0.404199,462,0,0,0,0,0,428,906,39,19,39,19,54,13,52,20,54,165,13,52,20,681,1200,39,25,39,20,62,13,58,20,82,283,13,78,20,true
0,0,0,0,0,0,0,0,1,6,6,57,18,1,0,28,36,1,0.13369,50,33,4,0,0.136476,55,0,0,0,0,0,324,409,5,1,5,1,8,0,3,0,8,171,0,3,0,348,435,9,1,8,1,11,0,4,0,17,177,0,10,6,false
0,0,0,0,0,0,0,0,3,1,1,4,3,2,0,1,4,1,0.177778,8,6,4,0,0.177778,8,1,1,0,0,1,37,44,0,0,0,0,3,0,3,0,3,17,0,3,0,37,44,0,0,0,0,3,0,3,0,3,17,0,3,0,false
0,0,0,0,0,0,0,0,0,0,0,3,3,3,2,0,3,1,0.8,24,24,4,0,0.8,24,0,0,1,6,0,6,20,0,0,0,0,3,0,3,0,3,0,0,3,0,6,20,0,0,0,0,3,0,3,0,3,0,0,3,0,false
0,0,0,0,0,0,0,0,3,0,0,3,4,7,0,0,3,1,0.625,20,20,4,0,0.625,20,1,1,5,5,1,12,26,0,0,0,0,3,0,3,0,3,0,0,3,0,12,26,0,0,0,0,3,0,3,0,3,0,0,3,0,false
0,0,0,0,0,0,0,0,1,0,0,1,2,2,0,1,2,0.5,0.272727,3,3,1,1,0.272727,3,2,2,0,0,1,8,8,0,0,0,0,1,0,1,0,4,1,0,4,0,8,8,0,0,0,0,1,0,1,0,4,1,0,4,0,false
0.399002,2,21,5,0.387597,0.564417,100,92,5,3,3,39,2,26,39,2,12,1,0.362934,94,85,10,0,0.362934,94,0,0,0,0,0,165,258,0,0,0,0,10,0,9,0,10,60,0,9,0,165,258,0,0,0,0,10,0,9,0,10,60,0,9,0,false
0,0,0,0,0,0,0,0,1,1,1,9,0,4,9,0,8,1,0.328125,21,20,9,0,0.328125,21,0,0,0,0,0,43,62,2,2,2,2,8,0,8,1,8,12,0,8,1,43,62,2,2,2,2,8,0,8,1,8,12,0,8,1,false
0.068773,1,4,2,0.035336,0.05571,20,20,1,4,4,43,2,167,319,2,13,1,0.362667,136,131,8,0,0.331541,185,0,0,0,0,0,239,394,19,1,19,1,11,7,7,1,11,90,7,7,1,373,566,24,3,24,3,24,7,15,1,24,138,7,15,1,false
0,0,0,0,0,0,0,0,0,0,0,3,0,6,3,0,3,1,0.806452,25,25,4,0,0.806452,25,0,0,2,14,0,6,26,0,0,0,0,3,0,3,3,3,0,0,3,3,6,26,0,0,0,0,3,0,3,3,3,0,0,3,3,false
0,0,0,0,0,0,0,0,1,9,4,60,1,0,0,1,9,1,0.252174,58,47,4,0,0.252174,58,0,0,0,0,0,172,231,2,1,2,1,8,0,3,0,8,97,0,3,0,172,231,2,1,2,1,8,0,3,0,8,97,0,3,0,false
0,0,0,0,0,0,0,0,1,0,0,5,0,0,0,0,5,1,0.657143,46,45,6,0,0.657143,46,0,0,0,0,0,24,36,1,0,1,0,5,0,5,0,5,5,0,5,0,24,36,1,0,1,0,5,0,5,0,5,5,0,5,0,false
0,0,0,0,0,0,0,0,1,1,1,7,0,2,2,0,6,0.142857,0.076923,3,3,1,6,0.076923,3,0,0,0,0,0,36,42,1,0,1,0,6,0,6,0,6,13,0,6,0,36,42,1,0,1,0,6,0,6,0,6,13,0,6,0,false
0,0,0,0,0,0,0,0,1,2,1,6,0,2,1,0,4,1,0.302326,13,11,4,0,0.302326,13,0,0,0,0,0,30,41,0,0,0,0,4,0,3,0,4,13,0,3,0,30,41,0,0,0,0,4,0,3,0,4,13,0,3,0,false
0,0,0,0,0,0,0,0,1,1,1,9,0,1,2,0,7,0.25,0.203704,11,11,2,6,0.203704,11,0,0,0,0,0,43,58,4,0,4,0,7,0,7,0,7,14,0,7,0,43,58,4,0,4,0,7,0,7,0,7,14,0,7,0,false
0.025424,1,8,2,0.032836,0.048309,22,20,8,6,5,112,0,63,87,0,20,1,0.3248,203,201,20,0,0.321981,208,0,0,0,0,0,422,651,0,9,0,9,20,0,19,0,20,246,0,19,0,438,670,1,9,1,9,23,0,22,0,23,248,0,22,0,false
0,0,0,0,0,0,0,0,2,2,2,17,0,0,0,0,10,0.909091,0.408,51,48,10,1,0.408,51,0,0,0,0,0,74,125,1,0,1,0,10,0,10,0,10,36,0,10,0,74,125,1,0,1,0,10,0,10,0,10,36,0,10,0,false
0,0,0,0,0,0,0,0,1,15,4,37,5,7,16,4,11,1,0.324607,62,61,7,0,0.324607,62,0,0,0,0,0,129,188,1,1,1,1,7,1,6,0,7,70,1,6,0,129,188,1,1,1,1,7,1,6,0,7,70,1,6,0,false
0,0,0,0,0,0,0,0,0,0,0,1,0,1,0,0,1,0.5,0.5,4,4,1,1,0.5,4,0,0,1,1,0,4,4,0,0,0,0,1,0,1,0,1,0,0,1,0,4,4,0,0,0,0,1,0,1,0,1,0,0,1,0,false
0,0,0,0,0,0,0,0,0,2,2,14,2,14,17,4,10,1,0.417476,43,42,7,0,0.417476,43,1,1,8,12,1,60,102,1,0,1,0,6,0,6,6,6,24,0,6,6,60,102,1,0,1,0,6,0,6,6,6,24,0,6,6,false
0,0,0,0,0,0,0,0,1,2,2,23,5,12,10,7,21,0.769231,0.26943,52,48,10,3,0.26,52,1,1,0,0,1,141,210,8,3,8,3,14,0,12,4,14,53,0,12,4,148,217,8,3,8,3,15,0,13,4,15,54,0,13,4,false
0.297101,2,18,4,0.199557,0.221429,90,62,1,3,3,63,5,13,24,5,22,1,0.329082,129,95,10,0,0.314421,133,0,0,0,0,0,263,419,14,5,14,5,17,0,9,0,17,122,0,9,0,290,451,18,5,18,5,20,0,11,0,20,128,0,11,0,false
0,0,0,0,0,0,0,0,0,0,0,2,1,4,2,0,2,1,0.545455,6,6,3,0,0.545455,6,0,0,3,3,0,5,8,0,0,0,0,2,0,2,0,2,0,0,2,0,5,8,0,0,0,0,2,0,2,0,2,0,0,2,0,false
0.109827,1,5,1,0.096774,0.142857,15,14,3,3,3,24,1,25,27,2,6,1,0.358491,57,52,4,0,0.358491,57,0,0,0,0,0,102,155,0,0,0,0,4,0,3,0,4,45,0,3,0,102,155,0,0,0,0,4,0,3,0,4,45,0,3,0,false
